id;mac_address;device_name;rssi;estimated_distance_m;tx_power;timestamp;session_id
1;3C:4F:06:03:74:5C;;-35;0.00;-2147483648;1,77472E+12;session_1774715333436
2;06:65:29:DA:65:E9;Bn4038713;-91;0.00;-2147483648;1,77472E+12;session_1774715333436
3;29:37:CF:43:80:5F;;-93;0.00;-2147483648;1,77472E+12;session_1774715333436
4;2D:29:BB:28:0E:80;;-92;0.00;-2147483648;1,77472E+12;session_1774715333436
5;27:A4:43:1F:1F:02;;-42;0.00;-2147483648;1,77472E+12;session_1774715333436
6;05:F2:4F:96:5E:30;;-42;0.00;-2147483648;1,77472E+12;session_1774715333436
7;05:B0:3A:D7:99:0A;;-35;0.00;-2147483648;1,77472E+12;session_1774715333436
8;BC:7E:8B:A7:51:6F;;-91;0.00;-2147483648;1,77472E+12;session_1774715333436
9;20:64:DE:ED:F1:A6;Comedor;-84;0.00;-2147483648;1,77472E+12;session_1774715333436
10;64:E7:D8:91:7B:17;;-92;0.00;-2147483648;1,77472E+12;session_1774715333436
11;55:A5:DC:38:A6:8A;Tab S9 de Eduardo;-61;0.00;-2147483648;1,77472E+12;session_1774715333436
12;3D:D3:73:17:40:44;;-35;0.00;-2147483648;1,77472E+12;session_1774715333436
13;47:31:70:7A:DE:DC;;-93;763338.33;24;1,77472E+12;session_1774715333436
14;F8:17:2D:59:E5:86;TY;-80;0.00;-2147483648;1,77472E+12;session_1774715333436
15;CB:37:30:33:44:78;Govee_H619C_4478;-90;0.00;-2147483648;1,77472E+12;session_1774715333436
16;52:9C:F1:9C:87:C7;;-92;1674755535.32;11;1,77472E+12;session_1774715333436
17;FC:F1:36:35:2A:63;;-90;0.00;-2147483648;1,77472E+12;session_1774715333436
18;D0:03:DF:C5:D8:CD;[TV] Samsung 7 Series (50);-90;0.00;-2147483648;1,77472E+12;session_1774715333436
19;53:0E:DC:F4:D6:AF;;-79;152917944.77;12;1,77472E+12;session_1774715333436
20;98:06:3C:2D:B1:95;;-98;0.00;-2147483648;1,77472E+12;session_1774715333436
21;0B:2A:F3:B1:33:9F;;-62;0.00;-2147483648;1,77472E+12;session_1774715333436
22;B0:52:16:D4:AA:5C;;-98;0.00;-2147483648;1,77472E+12;session_1774715333436
23;62:A0:FA:DE:D2:B0;;-80;173415299.16;12;1,77472E+12;session_1774715333436
24;68:FC:CA:BC:DA:11;[TV] TV Living;-96;0.00;-2147483648;1,77472E+12;session_1774715333436
25;E8:AA:CB:04:47:55;"43"" The Frame";-97;0.00;-2147483648;1,77472E+12;session_1774715333436
26;7A:E4:08:A5:31:2F;;-95;966993583.69;12;1,77472E+12;session_1774715333436
27;A0:D7:F3:C2:B5:CF;Samsung CU8000 43;-99;0.00;-2147483648;1,77472E+12;session_1774715333436
28;46:52:4C:D3:3A:A5;;-96;1073741824.00;12;1,77472E+12;session_1774715333436
29;ED:CE:61:80:4B:55;;-99;0.00;-2147483648;1,77472E+12;session_1774715333436
30;C8:79:F7:26:21:C4;;-96;0.00;-2147483648;1,77472E+12;session_1774715333436
31;ED:3B:7F:8C:9D:6F;;-98;0.00;-2147483648;1,77472E+12;session_1774715333436
32;52:A3:08:D4:34:66;;-99;44860357.70;17;1,77472E+12;session_1774715333436
33;47:BB:2C:BF:10:92;;-99;0.00;-2147483648;1,77472E+12;session_1774715333436
34;7C:0A:3F:54:CA:45;;-99;0.00;-2147483648;1,77472E+12;session_1774715333436
35;80:47:86:84:B8:C9;;-96;0.00;-2147483648;1,77472E+12;session_1774715333436
36;D4:BF:6F:65:0A:B3;;-90;0.00;-2147483648;1,77472E+12;session_1774715333436
37;A0:D7:F3:C2:B5:CF;Samsung CU8000 43;-99;0.00;-2147483648;1,77472E+12;session_1774715333436
38;27:A4:43:1F:1F:02;;-50;0.00;-2147483648;1,77472E+12;session_1774715333436
39;06:65:29:DA:65:E9;Bn4038713;-85;0.00;-2147483648;1,77472E+12;session_1774715333436
40;D0:03:DF:C5:D8:CD;[TV] Samsung 7 Series (50);-102;0.00;-2147483648;1,77472E+12;session_1774715333436
41;05:F2:4F:96:5E:30;;-50;0.00;-2147483648;1,77472E+12;session_1774715333436
42;3C:4F:06:03:74:5C;;-41;0.00;-2147483648;1,77472E+12;session_1774715333436
43;BC:7E:8B:A7:51:6F;;-93;0.00;-2147483648;1,77472E+12;session_1774715333436
44;62:A0:FA:DE:D2:B0;;-84;282475249.00;12;1,77472E+12;session_1774715333436
45;CB:37:30:33:44:78;Govee_H619C_4478;-92;0.00;-2147483648;1,77472E+12;session_1774715333436
46;05:B0:3A:D7:99:0A;;-42;0.00;-2147483648;1,77472E+12;session_1774715333436
47;52:9C:F1:9C:87:C7;;-92;1674755535.32;11;1,77472E+12;session_1774715333436
48;29:37:CF:43:80:5F;;-94;0.00;-2147483648;1,77472E+12;session_1774715333436
49;FC:F1:36:35:2A:63;;-84;0.00;-2147483648;1,77472E+12;session_1774715333436
50;53:0E:DC:F4:D6:AF;;-83;250592727.61;12;1,77472E+12;session_1774715333436
51;55:A5:DC:38:A6:8A;Tab S9 de Eduardo;-69;0.00;-2147483648;1,77472E+12;session_1774715333436
52;F8:17:2D:59:E5:86;TY;-85;0.00;-2147483648;1,77472E+12;session_1774715333436
53;46:52:4C:D3:3A:A5;;-95;966993583.69;12;1,77472E+12;session_1774715333436
54;20:64:DE:ED:F1:A6;Comedor;-82;0.00;-2147483648;1,77472E+12;session_1774715333436
55;3D:D3:73:17:40:44;;-41;0.00;-2147483648;1,77472E+12;session_1774715333436
56;47:31:70:7A:DE:DC;;-95;944329.67;24;1,77472E+12;session_1774715333436
57;0B:2A:F3:B1:33:9F;;-69;0.00;-2147483648;1,77472E+12;session_1774715333436
58;EC:E8:80:AF:45:A9;FMB130_9225879_LE;-91;Infinity;0;1,77472E+12;session_1774715333436
59;80:47:86:84:B8:C9;;-97;0.00;-2147483648;1,77472E+12;session_1774715333436
60;C8:79:F7:26:21:C4;;-91;0.00;-2147483648;1,77472E+12;session_1774715333436
61;DB:45:E5:E7:E9:B3;;-87;0.00;-2147483648;1,77472E+12;session_1774715333436
62;2D:29:BB:28:0E:80;;-93;0.00;-2147483648;1,77472E+12;session_1774715333436
63;22:70:A9:92:07:63;;-101;0.00;-2147483648;1,77472E+12;session_1774715333436
64;D8:CF:70:5B:D9:2F;;-81;0.00;-2147483648;1,77472E+12;session_1774715333436
65;D4:BF:6F:65:0A:B3;;-81;0.00;-2147483648;1,77472E+12;session_1774715333436
66;68:FC:CA:BC:DA:11;[TV] TV Living;-101;0.00;-2147483648;1,77472E+12;session_1774715333436
67;64:E7:D8:91:7B:17;;-95;0.00;-2147483648;1,77472E+12;session_1774715333436
68;C7:8F:82:A5:07:E3;;-102;0.00;-2147483648;1,77472E+12;session_1774715333436
69;4F:60:3D:5E:18:6F;;-99;84227144253.33;8;1,77472E+12;session_1774715333436
70;A0:D0:5B:9D:8F:5A;[TV] Samsung Serif TV (55);-100;0.00;-2147483648;1,77472E+12;session_1774715333436
71;BC:10:2F:68:B3:08;Room A/C;-99;0.00;-2147483648;1,77472E+12;session_1774715333436
72;1C:AF:4A:3A:1C:6D;"34"" Odyssey OLED G8";-105;0.00;-2147483648;1,77472E+12;session_1774715333436
73;55:A5:DC:38:A6:8A;Tab S9 de Eduardo;-67;0.00;-2147483648;1,77472E+12;session_1774715333436
74;00:04:EA:E9:D3:A7;;-102;0.00;-2147483648;1,77472E+12;session_1774715333436
75;47:31:70:7A:DE:DC;;-98;1288689.65;24;1,77472E+12;session_1774715333436
76;BC:10:2F:68:B3:08;Room A/C;-100;0.00;-2147483648;1,77472E+12;session_1774715333436
77;3C:4F:06:03:74:5C;;-35;0.00;-2147483648;1,77472E+12;session_1774715333436
78;CB:37:30:33:44:78;Govee_H619C_4478;-93;0.00;-2147483648;1,77472E+12;session_1774715333436
79;06:65:29:DA:65:E9;Bn4038713;-92;0.00;-2147483648;1,77472E+12;session_1774715333436
80;55:28:74:C4:C9:31;JBL Go 4;-100;0.00;-2147483648;1,77472E+12;session_1774715333436
81;3D:D3:73:17:40:44;;-35;0.00;-2147483648;1,77472E+12;session_1774715333436
82;27:A4:43:1F:1F:02;;-49;0.00;-2147483648;1,77472E+12;session_1774715333436
83;62:A0:FA:DE:D2:B0;;-80;173415299.16;12;1,77472E+12;session_1774715333436
84;46:52:4C:D3:3A:A5;;-95;966993583.69;12;1,77472E+12;session_1774715333436
85;FC:F1:36:35:2A:63;;-90;0.00;-2147483648;1,77472E+12;session_1774715333436
86;05:B0:3A:D7:99:0A;;-35;0.00;-2147483648;1,77472E+12;session_1774715333436
87;20:64:DE:ED:F1:A6;Comedor;-81;0.00;-2147483648;1,77472E+12;session_1774715333436
88;54:B8:74:72:CE:63;net;-102;0.00;-2147483648;1,77472E+12;session_1774715333436
89;C8:79:F7:26:21:C4;;-100;0.00;-2147483648;1,77472E+12;session_1774715333436
90;68:FC:CA:BC:DA:11;[TV] TV Living;-98;0.00;-2147483648;1,77472E+12;session_1774715333436
91;53:0E:DC:F4:D6:AF;;-79;152917944.77;12;1,77472E+12;session_1774715333436
92;C3:2E:3E:AA:CC:D8;;-91;0.00;-2147483648;1,77472E+12;session_1774715333436
93;64:E7:D8:91:7B:17;;-95;0.00;-2147483648;1,77472E+12;session_1774715333436
94;47:BB:2C:BF:10:92;;-100;0.00;-2147483648;1,77472E+12;session_1774715333436
95;A0:D7:F3:C2:B5:CF;Samsung CU8000 43;-91;0.00;-2147483648;1,77472E+12;session_1774715333436
96;D0:03:DF:C5:D8:CD;[TV] Samsung 7 Series (50);-95;0.00;-2147483648;1,77472E+12;session_1774715333436
97;52:9C:F1:9C:87:C7;;-91;1501367711.36;11;1,77472E+12;session_1774715333436
98;D4:E0:03:E9:D4:55;;-91;0.00;-2147483648;1,77472E+12;session_1774715333436
99;F8:17:2D:59:E5:86;TY;-93;0.00;-2147483648;1,77472E+12;session_1774715333436
100;E8:AA:CB:04:47:55;"43"" The Frame";-95;0.00;-2147483648;1,77472E+12;session_1774715333436
101;2D:29:BB:28:0E:80;;-93;0.00;-2147483648;1,77472E+12;session_1774715333436
102;0B:2A:F3:B1:33:9F;;-61;0.00;-2147483648;1,77472E+12;session_1774715333436
103;98:06:3C:2D:B1:95;;-98;0.00;-2147483648;1,77472E+12;session_1774715333436
104;E8:AA:CB:CC:0C:1D;;-103;0.00;-2147483648;1,77472E+12;session_1774715333436
105;55:80:6E:74:37:27;;-100;1615055828.90;12;1,77472E+12;session_1774715333436
106;B0:52:16:D4:AA:5C;;-103;0.00;-2147483648;1,77472E+12;session_1774715333436
107;05:F2:4F:96:5E:30;;-49;0.00;-2147483648;1,77472E+12;session_1774715333436
108;5D:BE:05:8B:D8:23;;-94;93404101.14;15;1,77472E+12;session_1774715333436
109;F5:FD:5A:F1:8E:3B;;-93;0.00;-2147483648;1,77472E+12;session_1774715333436
110;78:6D:67:7C:A7:5C;LE-Bose Flex SoundLink;-101;11046221254.11;10;1,77472E+12;session_1774715333436
111;ED:CE:61:80:4B:55;;-97;0.00;-2147483648;1,77472E+12;session_1774715333436
112;FB:86:3D:46:82:61;;-102;0.00;-2147483648;1,77472E+12;session_1774715333436
113;29:37:CF:43:80:5F;;-93;0.00;-2147483648;1,77472E+12;session_1774715333436
114;C8:12:0B:43:4C:93;;-93;0.00;-2147483648;1,77472E+12;session_1774715333436
115;7C:0A:3F:58:89:A7;;-98;0.00;-2147483648;1,77472E+12;session_1774715333436
116;4F:3B:DF:0D:AB:22;S39 A686 LE;-99;3486784401.00;11;1,77472E+12;session_1774715333436
117;BC:7E:8B:A7:51:6F;;-89;0.00;-2147483648;1,77472E+12;session_1774715333436
118;EC:E8:80:AF:45:A9;FMB130_9225879_LE;-93;Infinity;0;1,77472E+12;session_1774715333436
119;BC:7E:8B:A7:51:6F;;-93;0.00;-2147483648;1,77472E+12;session_1774715333436
120;A0:D7:F3:C2:B5:CF;Samsung CU8000 43;-97;0.00;-2147483648;1,77472E+12;session_1774715333436
121;2D:29:BB:28:0E:80;;-91;0.00;-2147483648;1,77472E+12;session_1774715333436
122;C8:12:0B:43:4C:93;;-91;0.00;-2147483648;1,77472E+12;session_1774715333436
123;CB:37:30:33:44:78;Govee_H619C_4478;-91;0.00;-2147483648;1,77472E+12;session_1774715333436
124;62:A0:FA:DE:D2:B0;;-83;250592727.61;12;1,77472E+12;session_1774715333436
125;06:65:29:DA:65:E9;Bn4038713;-86;0.00;-2147483648;1,77472E+12;session_1774715333436
126;F8:17:2D:59:E5:86;TY;-85;0.00;-2147483648;1,77472E+12;session_1774715333436
127;05:B0:3A:D7:99:0A;;-42;0.00;-2147483648;1,77472E+12;session_1774715333436
128;29:37:CF:43:80:5F;;-100;0.00;-2147483648;1,77472E+12;session_1774715333436
129;64:E7:D8:91:7B:17;;-95;0.00;-2147483648;1,77472E+12;session_1774715333436
130;3C:4F:06:03:74:5C;;-41;0.00;-2147483648;1,77472E+12;session_1774715333436
131;20:64:DE:ED:F1:A6;Comedor;-83;0.00;-2147483648;1,77472E+12;session_1774715333436
132;3D:D3:73:17:40:44;;-42;0.00;-2147483648;1,77472E+12;session_1774715333436
133;27:A4:43:1F:1F:02;;-50;0.00;-2147483648;1,77472E+12;session_1774715333436
134;7A:E4:08:A5:31:2F;;-96;1073741824.00;12;1,77472E+12;session_1774715333436
135;D0:03:DF:C5:D8:CD;[TV] Samsung 7 Series (50);-94;0.00;-2147483648;1,77472E+12;session_1774715333436
136;53:0E:DC:F4:D6:AF;;-84;282475249.00;12;1,77472E+12;session_1774715333436
137;05:F2:4F:96:5E:30;;-49;0.00;-2147483648;1,77472E+12;session_1774715333436
138;22:70:A9:92:07:63;;-102;0.00;-2147483648;1,77472E+12;session_1774715333436
139;55:A5:DC:38:A6:8A;Tab S9 de Eduardo;-68;0.00;-2147483648;1,77472E+12;session_1774715333436
140;7C:0A:3F:58:89:A7;;-101;0.00;-2147483648;1,77472E+12;session_1774715333436
141;52:9C:F1:9C:87:C7;;-88;1073741824.00;11;1,77472E+12;session_1774715333436
142;0B:2A:F3:B1:33:9F;;-69;0.00;-2147483648;1,77472E+12;session_1774715333436
143;BC:45:5B:4E:60:D8;Samsung Q60CA 50;-101;0.00;-2147483648;1,77472E+12;session_1774715333436
144;5D:BE:05:8B:D8:23;;-98;141692925.24;15;1,77472E+12;session_1774715333436
145;47:31:70:7A:DE:DC;;-97;1163067.51;24;1,77472E+12;session_1774715333436
146;BC:10:2F:68:B3:08;Room A/C;-99;0.00;-2147483648;1,77472E+12;session_1774715333436
147;FC:F1:36:35:2A:63;;-86;0.00;-2147483648;1,77472E+12;session_1774715333436
148;4F:60:3D:5E:18:6F;;-98;76095835015.88;8;1,77472E+12;session_1774715333436
149;C3:2E:3E:AA:CC:D8;;-89;0.00;-2147483648;1,77472E+12;session_1774715333436
150;68:FC:CA:BC:DA:11;[TV] TV Living;-101;0.00;-2147483648;1,77472E+12;session_1774715333436
151;DB:45:E5:E7:E9:B3;;-82;0.00;-2147483648;1,77472E+12;session_1774715333436
152;A0:D0:5B:9D:8F:5A;[TV] Samsung Serif TV (55);-99;0.00;-2147483648;1,77472E+12;session_1774715333436
153;D4:E0:03:E9:D4:55;;-88;0.00;-2147483648;1,77472E+12;session_1774715333436
154;62:99:38:0B:E5:74;;-102;Infinity;0;1,77472E+12;session_1774715333436
155;D8:CF:70:5B:D9:2F;;-82;0.00;-2147483648;1,77472E+12;session_1774715333436
156;D4:BF:6F:65:0A:B3;;-81;0.00;-2147483648;1,77472E+12;session_1774715333436
157;73:33:33:9B:48:D5;;-101;0.00;-2147483648;1,77472E+12;session_1774715333436
158;1C:AF:4A:3A:1C:6D;;-103;0.00;-2147483648;1,77472E+12;session_1774715333436
159;00:04:EA:E9:D3:A7;;-103;0.00;-2147483648;1,77472E+12;session_1774715333436
160;ED:EE:48:ED:C5:7C;Vasco de Gam;-103;0.00;-2147483648;1,77472E+12;session_1774715333436
161;64:AE:00:6A:71:32;;-99;238288981.15;-8;1,77472E+12;session_1774715333436
162;55:6F:D8:26:D7:C2;;-100;0.00;-2147483648;1,77472E+12;session_1774715333436
163;FC:F1:36:35:2A:63;;-97;0.00;-2147483648;1,77472E+12;session_1774715333436
164;20:64:DE:ED:F1:A6;Comedor;-82;0.00;-2147483648;1,77472E+12;session_1774715333436
165;64:E7:D8:91:7B:17;;-94;0.00;-2147483648;1,77472E+12;session_1774715333436
166;62:A0:FA:DE:D2:B0;;-81;196353084.65;12;1,77472E+12;session_1774715333436
167;3D:D3:73:17:40:44;;-35;0.00;-2147483648;1,77472E+12;session_1774715333436
168;52:9C:F1:9C:87:C7;;-91;1501367711.36;11;1,77472E+12;session_1774715333436
169;BC:10:2F:68:B3:08;Room A/C;-100;0.00;-2147483648;1,77472E+12;session_1774715333436
170;FB:86:3D:46:82:61;;-101;0.00;-2147483648;1,77472E+12;session_1774715333436
171;05:B0:3A:D7:99:0A;;-35;0.00;-2147483648;1,77472E+12;session_1774715333436
172;47:BB:2C:BF:10:92;;-102;0.00;-2147483648;1,77472E+12;session_1774715333436
173;D0:03:DF:C5:D8:CD;[TV] Samsung 7 Series (50);-96;0.00;-2147483648;1,77472E+12;session_1774715333436
174;98:06:3C:2D:B1:95;;-99;0.00;-2147483648;1,77472E+12;session_1774715333436
175;68:FC:CA:BC:DA:11;[TV] TV Living;-98;0.00;-2147483648;1,77472E+12;session_1774715333436
176;E8:AA:CB:04:47:55;"43"" The Frame";-94;0.00;-2147483648;1,77472E+12;session_1774715333436
177;3C:4F:06:03:74:5C;;-35;0.00;-2147483648;1,77472E+12;session_1774715333436
178;1C:E8:9E:54:12:46;Washer;-100;0.00;-2147483648;1,77472E+12;session_1774715333436
179;A0:D7:F3:C2:B5:CF;Samsung CU8000 43;-93;0.00;-2147483648;1,77472E+12;session_1774715333436
180;53:0E:DC:F4:D6:AF;;-81;196353084.65;12;1,77472E+12;session_1774715333436
181;2D:29:BB:28:0E:80;;-90;0.00;-2147483648;1,77472E+12;session_1774715333436
182;55:A5:DC:38:A6:8A;Tab S9 de Eduardo;-67;0.00;-2147483648;1,77472E+12;session_1774715333436
183;27:A4:43:1F:1F:02;;-49;0.00;-2147483648;1,77472E+12;session_1774715333436
184;46:52:4C:D3:3A:A5;;-96;1073741824.00;12;1,77472E+12;session_1774715333436
185;F8:17:2D:59:E5:86;TY;-90;0.00;-2147483648;1,77472E+12;session_1774715333436
186;62:99:38:0B:E5:74;;-101;Infinity;0;1,77472E+12;session_1774715333436
187;05:F2:4F:96:5E:30;;-50;0.00;-2147483648;1,77472E+12;session_1774715333436
188;7C:0A:3F:54:CA:45;;-102;0.00;-2147483648;1,77472E+12;session_1774715333436
189;DB:45:E5:E7:E9:B3;;-81;0.00;-2147483648;1,77472E+12;session_1774715333436
190;D4:E0:03:E9:D4:55;;-90;0.00;-2147483648;1,77472E+12;session_1774715333436
191;D4:BF:6F:65:0A:B3;;-81;0.00;-2147483648;1,77472E+12;session_1774715333436
192;06:65:29:DA:65:E9;Bn4038713;-91;0.00;-2147483648;1,77472E+12;session_1774715333436
193;0B:2A:F3:B1:33:9F;;-67;0.00;-2147483648;1,77472E+12;session_1774715333436
194;55:80:6E:74:37:27;;-100;1615055828.90;12;1,77472E+12;session_1774715333436
195;B0:52:16:D4:AA:5C;;-103;0.00;-2147483648;1,77472E+12;session_1774715333436
196;78:6D:67:7C:A7:5C;LE-Bose Flex SoundLink;-98;8170728068.88;10;1,77472E+12;session_1774715333436
197;C8:12:0B:43:4C:93;;-93;0.00;-2147483648;1,77472E+12;session_1774715333436
198;BC:7E:8B:A7:51:6F;;-88;0.00;-2147483648;1,77472E+12;session_1774715333436
199;29:37:CF:43:80:5F;;-93;0.00;-2147483648;1,77472E+12;session_1774715333436
200;CB:37:30:33:44:78;Govee_H619C_4478;-92;0.00;-2147483648;1,77472E+12;session_1774715333436
201;5D:BE:05:8B:D8:23;;-99;156833688.09;15;1,77472E+12;session_1774715333436
202;80:47:86:84:B8:C9;;-101;0.00;-2147483648;1,77472E+12;session_1774715333436
203;22:70:A9:92:07:63;;-98;0.00;-2147483648;1,77472E+12;session_1774715333436
204;D2:ED:FA:15:7E:74;;-97;0.00;-2147483648;1,77472E+12;session_1774715333436
205;7C:0A:3F:58:89:A7;;-97;0.00;-2147483648;1,77472E+12;session_1774715333436
206;62:A0:FA:DE:D2:B0;;-80;173415299.16;12;1,77472E+12;session_1774715333436
207;52:9C:F1:9C:87:C7;;-88;1073741824.00;11;1,77472E+12;session_1774715333436
208;3C:4F:06:03:74:5C;;-36;0.00;-2147483648;1,77472E+12;session_1774715333436
209;3D:D3:73:17:40:44;;-37;0.00;-2147483648;1,77472E+12;session_1774715333436
210;22:70:A9:92:07:63;;-98;0.00;-2147483648;1,77472E+12;session_1774715333436
211;05:B0:3A:D7:99:0A;;-36;0.00;-2147483648;1,77472E+12;session_1774715333436
212;A0:D7:F3:C2:B5:CF;Samsung CU8000 43;-98;0.00;-2147483648;1,77472E+12;session_1774715333436
213;C8:12:0B:43:4C:93;;-93;0.00;-2147483648;1,77472E+12;session_1774715333436
214;7C:0A:3F:58:89:A7;;-97;0.00;-2147483648;1,77472E+12;session_1774715333436
215;05:F2:4F:96:5E:30;;-43;0.00;-2147483648;1,77472E+12;session_1774715333436
216;2D:29:BB:28:0E:80;;-94;0.00;-2147483648;1,77472E+12;session_1774715333436
217;55:A5:DC:38:A6:8A;Tab S9 de Eduardo;-61;0.00;-2147483648;1,77472E+12;session_1774715333436
218;53:0E:DC:F4:D6:AF;;-74;79525193.93;12;1,77472E+12;session_1774715333436
219;20:64:DE:ED:F1:A6;Comedor;-80;0.00;-2147483648;1,77472E+12;session_1774715333436
220;F8:17:2D:59:E5:86;TY;-88;0.00;-2147483648;1,77472E+12;session_1774715333436
221;27:A4:43:1F:1F:02;;-49;0.00;-2147483648;1,77472E+12;session_1774715333436
222;D0:03:DF:C5:D8:CD;[TV] Samsung 7 Series (50);-95;0.00;-2147483648;1,77472E+12;session_1774715333436
223;06:65:29:DA:65:E9;Bn4038713;-90;0.00;-2147483648;1,77472E+12;session_1774715333436
224;CB:37:30:33:44:78;Govee_H619C_4478;-92;0.00;-2147483648;1,77472E+12;session_1774715333436
225;29:37:CF:43:80:5F;;-99;0.00;-2147483648;1,77472E+12;session_1774715333436
226;BC:7E:8B:A7:51:6F;;-93;0.00;-2147483648;1,77472E+12;session_1774715333436
227;64:E7:D8:91:7B:17;;-94;0.00;-2147483648;1,77472E+12;session_1774715333436
228;A0:D0:5B:9D:8F:5A;[TV] Samsung Serif TV (55);-100;0.00;-2147483648;1,77472E+12;session_1774715333436
229;47:31:70:7A:DE:DC;;-96;1048576.00;24;1,77472E+12;session_1774715333436
230;55:6F:D8:26:D7:C2;;-100;0.00;-2147483648;1,77472E+12;session_1774715333436
231;FC:F1:36:35:2A:63;;-88;0.00;-2147483648;1,77472E+12;session_1774715333436
232;68:FC:CA:BC:DA:11;[TV] TV Living;-96;0.00;-2147483648;1,77472E+12;session_1774715333436
233;62:99:38:0B:E5:74;;-104;Infinity;0;1,77472E+12;session_1774715333436
234;ED:EE:48:ED:C5:7C;Vasco de Gam;-102;0.00;-2147483648;1,77472E+12;session_1774715333436
235;0B:2A:F3:B1:33:9F;;-69;0.00;-2147483648;1,77472E+12;session_1774715333436
236;FB:86:3D:46:82:61;;-102;0.00;-2147483648;1,77472E+12;session_1774715333436
237;7A:E4:08:A5:31:2F;;-103;2170499982.01;12;1,77472E+12;session_1774715333436
238;55:28:74:C4:C9:31;JBL Go 4;-101;0.00;-2147483648;1,77472E+12;session_1774715333436
239;C3:2E:3E:AA:CC:D8;;-89;0.00;-2147483648;1,77472E+12;session_1774715333436
240;BC:10:2F:68:B3:08;Room A/C;-98;0.00;-2147483648;1,77472E+12;session_1774715333436
241;2E:1A:6C:D9:E0:0E;;-101;0.00;-2147483648;1,77472E+12;session_1774715333436
242;1C:AF:4A:3A:1C:6D;;-104;0.00;-2147483648;1,77472E+12;session_1774715333436
243;4F:60:3D:5E:18:6F;;-103;125161966247.87;8;1,77472E+12;session_1774715333436
244;D8:CF:70:5B:D9:2F;;-82;0.00;-2147483648;1,77472E+12;session_1774715333436
245;F5:FD:5A:F1:8E:3B;;-101;0.00;-2147483648;1,77472E+12;session_1774715333436
246;78:6D:67:7C:A7:5C;LE-Bose Flex SoundLink;-98;8170728068.88;10;1,77472E+12;session_1774715333436
247;E8:AA:CB:04:47:55;"43"" The Frame";-96;0.00;-2147483648;1,77472E+12;session_1774715333436
248;47:BB:2C:BF:10:92;;-99;0.00;-2147483648;1,77472E+12;session_1774715333436
249;98:06:3C:2D:B1:95;;-97;0.00;-2147483648;1,77472E+12;session_1774715333436
250;D7:2B:B7:3C:0E:0C;;-101;0.00;-2147483648;1,77472E+12;session_1774715333436
251;05:B0:3A:D7:99:0A;;-35;0.00;-2147483648;1,77472E+12;session_1774715333436
252;3D:D3:73:17:40:44;;-35;0.00;-2147483648;1,77472E+12;session_1774715333436
253;64:E7:D8:91:7B:17;;-94;0.00;-2147483648;1,77472E+12;session_1774715333436
254;06:65:29:DA:65:E9;Bn4038713;-89;0.00;-2147483648;1,77472E+12;session_1774715333436
255;55:A5:DC:38:A6:8A;Tab S9 de Eduardo;-67;0.00;-2147483648;1,77472E+12;session_1774715333436
256;3C:4F:06:03:74:5C;;-36;0.00;-2147483648;1,77472E+12;session_1774715333436
257;FC:F1:36:35:2A:63;;-89;0.00;-2147483648;1,77472E+12;session_1774715333436
258;20:64:DE:ED:F1:A6;Comedor;-82;0.00;-2147483648;1,77472E+12;session_1774715333436
259;05:F2:4F:96:5E:30;;-49;0.00;-2147483648;1,77472E+12;session_1774715333436
260;62:A0:FA:DE:D2:B0;;-81;196353084.65;12;1,77472E+12;session_1774715333436
261;C3:2E:3E:AA:CC:D8;;-99;0.00;-2147483648;1,77472E+12;session_1774715333436
262;D0:03:DF:C5:D8:CD;[TV] Samsung 7 Series (50);-94;0.00;-2147483648;1,77472E+12;session_1774715333436
263;DB:45:E5:E7:E9:B3;;-82;0.00;-2147483648;1,77472E+12;session_1774715333436
264;68:FC:CA:BC:DA:11;[TV] TV Living;-96;0.00;-2147483648;1,77472E+12;session_1774715333436
265;53:0E:DC:F4:D6:AF;;-80;173415299.16;12;1,77472E+12;session_1774715333436
266;ED:3B:7F:8C:9D:6F;;-97;0.00;-2147483648;1,77472E+12;session_1774715333436
267;27:A4:43:1F:1F:02;;-50;0.00;-2147483648;1,77472E+12;session_1774715333436
268;D4:E0:03:E9:D4:55;;-90;0.00;-2147483648;1,77472E+12;session_1774715333436
269;E8:AA:CB:04:47:55;"43"" The Frame";-96;0.00;-2147483648;1,77472E+12;session_1774715333436
270;D8:CF:70:5B:D9:2F;;-81;0.00;-2147483648;1,77472E+12;session_1774715333436
271;BC:7E:8B:A7:51:6F;;-87;0.00;-2147483648;1,77472E+12;session_1774715333436
272;22:70:A9:92:07:63;;-98;0.00;-2147483648;1,77472E+12;session_1774715333436
273;2D:29:BB:28:0E:80;;-91;0.00;-2147483648;1,77472E+12;session_1774715333436
274;98:06:3C:2D:B1:95;;-98;0.00;-2147483648;1,77472E+12;session_1774715333436
275;5D:BE:05:8B:D8:23;;-98;141692925.24;15;1,77472E+12;session_1774715333436
276;F8:17:2D:59:E5:86;TY;-97;0.00;-2147483648;1,77472E+12;session_1774715333436
277;78:6D:67:7C:A7:5C;LE-Bose Flex SoundLink;-98;8170728068.88;10;1,77472E+12;session_1774715333436
278;A0:D7:F3:C2:B5:CF;Samsung CU8000 43;-92;0.00;-2147483648;1,77472E+12;session_1774715333436
279;5C:23:CB:1A:18:4E;;-81;Infinity;0;1,77472E+12;session_1774715333436
280;C8:12:0B:43:4C:93;;-93;0.00;-2147483648;1,77472E+12;session_1774715333436
281;CB:37:30:33:44:78;Govee_H619C_4478;-93;0.00;-2147483648;1,77472E+12;session_1774715333436
282;55:80:6E:74:37:27;;-97;1190981134.51;12;1,77472E+12;session_1774715333436
283;29:37:CF:43:80:5F;;-96;0.00;-2147483648;1,77472E+12;session_1774715333436
284;52:9C:F1:9C:87:C7;;-90;1344306327.49;11;1,77472E+12;session_1774715333436
285;0B:2A:F3:B1:33:9F;;-67;0.00;-2147483648;1,77472E+12;session_1774715333436
286;80:47:86:84:B8:C9;;-96;0.00;-2147483648;1,77472E+12;session_1774715333436
287;53:0E:DC:F4:D6:AF;;-81;196353084.65;12;1,77472E+12;session_1774715333436
288;F8:17:2D:59:E5:86;TY;-88;0.00;-2147483648;1,77472E+12;session_1774715333436
289;55:A5:DC:38:A6:8A;Tab S9 de Eduardo;-60;0.00;-2147483648;1,77472E+12;session_1774715333436
290;CB:37:30:33:44:78;Govee_H619C_4478;-92;0.00;-2147483648;1,77472E+12;session_1774715333436
291;05:B0:3A:D7:99:0A;;-35;0.00;-2147483648;1,77472E+12;session_1774715333436
292;3D:D3:73:17:40:44;;-35;0.00;-2147483648;1,77472E+12;session_1774715333436
293;3C:4F:06:03:74:5C;;-35;0.00;-2147483648;1,77472E+12;session_1774715333436
294;A0:D7:F3:C2:B5:CF;Samsung CU8000 43;-104;0.00;-2147483648;1,77472E+12;session_1774715333436
295;DB:45:E5:E7:E9:B3;;-86;0.00;-2147483648;1,77472E+12;session_1774715333436
296;5C:23:CB:1A:18:4E;;-89;Infinity;0;1,77472E+12;session_1774715333436
297;BC:7E:8B:A7:51:6F;;-101;0.00;-2147483648;1,77472E+12;session_1774715333436
298;20:64:DE:ED:F1:A6;Comedor;-81;0.00;-2147483648;1,77472E+12;session_1774715333436
299;46:52:4C:D3:3A:A5;;-101;1784026402.38;12;1,77472E+12;session_1774715333436
300;FC:F1:36:35:2A:63;;-89;0.00;-2147483648;1,77472E+12;session_1774715333436
301;00:04:EA:E9:D3:A7;;-101;0.00;-2147483648;1,77472E+12;session_1774715333436
302;64:E7:D8:91:7B:17;;-92;0.00;-2147483648;1,77472E+12;session_1774715333436
303;98:06:3C:2D:B1:95;;-95;0.00;-2147483648;1,77472E+12;session_1774715333436
304;29:37:CF:43:80:5F;;-91;0.00;-2147483648;1,77472E+12;session_1774715333436
305;BC:10:2F:68:B3:08;Room A/C;-101;0.00;-2147483648;1,77472E+12;session_1774715333436
306;52:9C:F1:9C:87:C7;;-90;1344306327.49;11;1,77472E+12;session_1774715333436
307;2D:29:BB:28:0E:80;;-95;0.00;-2147483648;1,77472E+12;session_1774715333436
308;4F:60:3D:5E:18:6F;;-100;93132257461.55;8;1,77472E+12;session_1774715333436
309;05:F2:4F:96:5E:30;;-43;0.00;-2147483648;1,77472E+12;session_1774715333436
310;1C:AF:4A:3A:1C:6D;;-104;0.00;-2147483648;1,77472E+12;session_1774715333436
311;ED:CE:61:80:4B:55;;-95;0.00;-2147483648;1,77472E+12;session_1774715333436
312;62:A0:FA:DE:D2:B0;;-80;173415299.16;12;1,77472E+12;session_1774715333436
313;22:70:A9:92:07:63;;-100;0.00;-2147483648;1,77472E+12;session_1774715333436
314;68:FC:CA:BC:DA:11;[TV] TV Living;-95;0.00;-2147483648;1,77472E+12;session_1774715333436
315;DC:27:B8:8D:48:95;;-100;0.00;-2147483648;1,77472E+12;session_1774715333436
316;E8:AA:CB:04:47:55;"43"" The Frame";-95;0.00;-2147483648;1,77472E+12;session_1774715333436
317;5D:BE:05:8B:D8:23;;-97;127880625.57;15;1,77472E+12;session_1774715333436
318;06:65:29:DA:65:E9;Bn4038713;-91;0.00;-2147483648;1,77472E+12;session_1774715333436
319;C3:2E:3E:AA:CC:D8;;-90;0.00;-2147483648;1,77472E+12;session_1774715333436
320;47:31:70:7A:DE:DC;;-95;944329.67;24;1,77472E+12;session_1774715333436
321;A0:D0:5B:9D:8F:5A;[TV] Samsung Serif TV (55);-101;0.00;-2147483648;1,77472E+12;session_1774715333436
322;27:A4:43:1F:1F:02;;-42;0.00;-2147483648;1,77472E+12;session_1774715333436
323;D4:E0:03:E9:D4:55;;-88;0.00;-2147483648;1,77472E+12;session_1774715333436
324;54:B8:74:72:CE:63;net;-101;0.00;-2147483648;1,77472E+12;session_1774715333436
325;D8:CF:70:5B:D9:2F;;-86;0.00;-2147483648;1,77472E+12;session_1774715333436
326;55:28:74:C4:C9:31;JBL Go 4;-102;0.00;-2147483648;1,77472E+12;session_1774715333436
327;F5:FD:5A:F1:8E:3B;;-101;0.00;-2147483648;1,77472E+12;session_1774715333436
328;D0:03:DF:C5:D8:CD;[TV] Samsung 7 Series (50);-96;0.00;-2147483648;1,77472E+12;session_1774715333436
329;BC:45:5B:4E:5C:40;;-104;0.00;-2147483648;1,77472E+12;session_1774715333436
330;47:BB:2C:BF:10:92;;-98;0.00;-2147483648;1,77472E+12;session_1774715333436
331;B0:52:16:D4:AA:5C;;-100;0.00;-2147483648;1,77472E+12;session_1774715333436
332;FB:86:3D:46:82:61;;-100;0.00;-2147483648;1,77472E+12;session_1774715333436
333;55:80:6E:74:37:27;;-96;1073741824.00;12;1,77472E+12;session_1774715333436
334;0B:2A:F3:B1:33:9F;;-61;0.00;-2147483648;1,77472E+12;session_1774715333436
335;47:BB:2C:BF:10:92;;-101;0.00;-2147483648;1,77472E+12;session_1774715333436
336;D0:03:DF:C5:D8:CD;[TV] Samsung 7 Series (50);-92;0.00;-2147483648;1,77472E+12;session_1774715333436
337;05:F2:4F:96:5E:30;;-48;0.00;-2147483648;1,77472E+12;session_1774715333436
338;3C:4F:06:03:74:5C;;-42;0.00;-2147483648;1,77472E+12;session_1774715333436
339;20:64:DE:ED:F1:A6;Comedor;-83;0.00;-2147483648;1,77472E+12;session_1774715333436
340;47:31:70:7A:DE:DC;;-97;1163067.51;24;1,77472E+12;session_1774715333436
341;C3:2E:3E:AA:CC:D8;;-93;0.00;-2147483648;1,77472E+12;session_1774715333436
342;55:80:6E:74:37:27;;-95;966993583.69;12;1,77472E+12;session_1774715333436
343;5C:23:CB:1A:18:4E;;-76;Infinity;0;1,77472E+12;session_1774715333436
344;2D:29:BB:28:0E:80;;-91;0.00;-2147483648;1,77472E+12;session_1774715333436
345;98:06:3C:2D:B1:95;;-96;0.00;-2147483648;1,77472E+12;session_1774715333436
346;62:A0:FA:DE:D2:B0;;-82;221986244.18;12;1,77472E+12;session_1774715333436
347;E8:AA:CB:04:47:55;"43"" The Frame";-95;0.00;-2147483648;1,77472E+12;session_1774715333436
348;05:B0:3A:D7:99:0A;;-42;0.00;-2147483648;1,77472E+12;session_1774715333436
349;52:A3:08:D4:34:66;;-99;44860357.70;17;1,77472E+12;session_1774715333436
350;3D:D3:73:17:40:44;;-42;0.00;-2147483648;1,77472E+12;session_1774715333436
351;68:FC:CA:BC:DA:11;[TV] TV Living;-100;0.00;-2147483648;1,77472E+12;session_1774715333436
352;55:A5:DC:38:A6:8A;Tab S9 de Eduardo;-68;0.00;-2147483648;1,77472E+12;session_1774715333436
353;06:65:29:DA:65:E9;Bn4038713;-86;0.00;-2147483648;1,77472E+12;session_1774715333436
354;27:A4:43:1F:1F:02;;-48;0.00;-2147483648;1,77472E+12;session_1774715333436
355;D4:E0:03:E9:D4:55;;-90;0.00;-2147483648;1,77472E+12;session_1774715333436
356;FC:F1:36:35:2A:63;;-86;0.00;-2147483648;1,77472E+12;session_1774715333436
357;29:37:CF:43:80:5F;;-98;0.00;-2147483648;1,77472E+12;session_1774715333436
358;64:E7:D8:91:7B:17;;-94;0.00;-2147483648;1,77472E+12;session_1774715333436
359;7C:0A:3F:54:CA:45;;-101;0.00;-2147483648;1,77472E+12;session_1774715333436
360;4F:60:3D:5E:18:6F;;-99;84227144253.33;8;1,77472E+12;session_1774715333436
361;BC:45:5B:4E:5C:40;;-104;0.00;-2147483648;1,77472E+12;session_1774715333436
362;D4:BF:6F:65:0A:B3;;-73;0.00;-2147483648;1,77472E+12;session_1774715333436
363;53:0E:DC:F4:D6:AF;;-83;250592727.61;12;1,77472E+12;session_1774715333436
364;BC:10:2F:68:B3:08;Room A/C;-102;0.00;-2147483648;1,77472E+12;session_1774715333436
365;46:52:4C:D3:3A:A5;;-94;869893479.55;12;1,77472E+12;session_1774715333436
366;52:9C:F1:9C:87:C7;;-89;1202190287.19;11;1,77472E+12;session_1774715333436
367;BC:7E:8B:A7:51:6F;;-93;0.00;-2147483648;1,77472E+12;session_1774715333436
368;C8:12:0B:43:4C:93;;-92;0.00;-2147483648;1,77472E+12;session_1774715333436
369;F8:17:2D:59:E5:86;TY;-86;0.00;-2147483648;1,77472E+12;session_1774715333436
370;80:47:86:84:B8:C9;;-96;0.00;-2147483648;1,77472E+12;session_1774715333436
371;A0:D7:F3:C2:B5:CF;Samsung CU8000 43;-99;0.00;-2147483648;1,77472E+12;session_1774715333436
372;0B:2A:F3:B1:33:9F;;-68;0.00;-2147483648;1,77472E+12;session_1774715333436
373;2B:60:65:84:17:72;;-97;0.00;-2147483648;1,77472E+12;session_1774715333436
374;5D:BE:05:8B:D8:23;;-99;156833688.09;15;1,77472E+12;session_1774715333436
375;7D:C6:CA:B2:6B:69;;-95;966993583.69;12;1,77472E+12;session_1774715333436
376;5E:84:1E:47:98:AF;;-93;781658446.29;12;1,77472E+12;session_1774715333436
377;F4:DF:EE:8E:1F:09;;-97;0.00;-2147483648;1,77472E+12;session_1774715333436
378;ED:3B:7F:8C:9D:6F;;-95;0.00;-2147483648;1,77472E+12;session_1774715333436
379;22:70:A9:92:07:63;;-101;0.00;-2147483648;1,77472E+12;session_1774715333436
380;FD:50:25:04:54:4F;;-91;0.00;-2147483648;1,77472E+12;session_1774715333436
381;D8:CF:70:5B:D9:2F;;-80;0.00;-2147483648;1,77472E+12;session_1774715333436
382;CB:37:30:33:44:78;Govee_H619C_4478;-91;0.00;-2147483648;1,77472E+12;session_1774715333436
383;A0:D0:5B:9D:8F:5A;[TV] Samsung Serif TV (55);-100;0.00;-2147483648;1,77472E+12;session_1774715333436
384;DB:45:E5:E7:E9:B3;;-97;0.00;-2147483648;1,77472E+12;session_1774715333436
385;55:28:74:C4:C9:31;JBL Go 4;-101;0.00;-2147483648;1,77472E+12;session_1774715333436
386;CB:E9:49:BA:AC:45;;-103;0.00;-2147483648;1,77472E+12;session_1774715333436
387;58:69:C5:8C:BC:6B;;-103;125161966247.87;8;1,77472E+12;session_1774715333436
388;F5:FD:5A:F1:8E:3B;;-99;0.00;-2147483648;1,77472E+12;session_1774715333436
389;54:B8:74:72:CE:63;net;-102;0.00;-2147483648;1,77472E+12;session_1774715333436
390;3C:4F:06:03:74:5C;;-36;0.00;-2147483648;1,77472E+12;session_1774715333436
391;CB:37:30:33:44:78;Govee_H619C_4478;-91;0.00;-2147483648;1,77472E+12;session_1774715333436
392;BC:10:2F:68:B3:08;Room A/C;-102;0.00;-2147483648;1,77472E+12;session_1774715333436
393;A0:D7:F3:C2:B5:CF;Samsung CU8000 43;-98;0.00;-2147483648;1,77472E+12;session_1774715333436
394;47:BB:2C:BF:10:92;;-100;0.00;-2147483648;1,77472E+12;session_1774715333436
395;52:9C:F1:9C:87:C7;;-90;1344306327.49;11;1,77472E+12;session_1774715333436
396;3D:D3:73:17:40:44;;-35;0.00;-2147483648;1,77472E+12;session_1774715333436
397;64:E7:D8:91:7B:17;;-93;0.00;-2147483648;1,77472E+12;session_1774715333436
398;20:64:DE:ED:F1:A6;Comedor;-81;0.00;-2147483648;1,77472E+12;session_1774715333436
399;62:A0:FA:DE:D2:B0;;-80;173415299.16;12;1,77472E+12;session_1774715333436
400;FB:6F:77:86:BE:5A;;-107;0.00;-2147483648;1,77472E+12;session_1774715333436
401;A0:D0:5B:9D:8F:5A;[TV] Samsung Serif TV (55);-103;0.00;-2147483648;1,77472E+12;session_1774715333436
402;05:B0:3A:D7:99:0A;;-35;0.00;-2147483648;1,77472E+12;session_1774715333436
403;BC:7E:8B:A7:51:6F;;-102;0.00;-2147483648;1,77472E+12;session_1774715333436
404;FC:F1:36:35:2A:63;;-89;0.00;-2147483648;1,77472E+12;session_1774715333436
405;55:28:74:C4:C9:31;JBL Go 4;-100;0.00;-2147483648;1,77472E+12;session_1774715333436
406;F8:17:2D:59:E5:86;TY;-89;0.00;-2147483648;1,77472E+12;session_1774715333436
407;53:0E:DC:F4:D6:AF;;-73;69409056.47;12;1,77472E+12;session_1774715333436
408;4F:60:3D:5E:18:6F;;-99;84227144253.33;8;1,77472E+12;session_1774715333436
409;2D:29:BB:28:0E:80;;-92;0.00;-2147483648;1,77472E+12;session_1774715333436
410;29:37:CF:43:80:5F;;-91;0.00;-2147483648;1,77472E+12;session_1774715333436
411;05:F2:4F:96:5E:30;;-42;0.00;-2147483648;1,77472E+12;session_1774715333436
412;23:7D:B2:3C:01:87;;-104;0.00;-2147483648;1,77472E+12;session_1774715333436
413;06:65:29:DA:65:E9;Bn4038713;-91;0.00;-2147483648;1,77472E+12;session_1774715333436
414;55:A5:DC:38:A6:8A;Tab S9 de Eduardo;-62;0.00;-2147483648;1,77472E+12;session_1774715333436
415;65:DA:77:11:6B:A0;;-104;0.00;-2147483648;1,77472E+12;session_1774715333436
416;62:99:38:0B:E5:74;;-99;Infinity;0;1,77472E+12;session_1774715333436
417;27:A4:43:1F:1F:02;;-42;0.00;-2147483648;1,77472E+12;session_1774715333436
418;47:31:70:7A:DE:DC;;-95;944329.67;24;1,77472E+12;session_1774715333436
419;D7:2B:B7:3C:0E:0C;;-104;0.00;-2147483648;1,77472E+12;session_1774715333436
420;22:70:A9:92:07:63;;-101;0.00;-2147483648;1,77472E+12;session_1774715333436
421;C3:2E:3E:AA:CC:D8;;-91;0.00;-2147483648;1,77472E+12;session_1774715333436
422;0B:2A:F3:B1:33:9F;;-60;0.00;-2147483648;1,77472E+12;session_1774715333436
423;50:E4:78:AF:37:36;;-104;0.00;-2147483648;1,77472E+12;session_1774715333436
424;5C:7E:D2:C4:19:AE;;-103;0.00;-2147483648;1,77472E+12;session_1774715333436
425;D8:CF:70:5B:D9:2F;;-82;0.00;-2147483648;1,77472E+12;session_1774715333436
426;D4:BF:6F:65:0A:B3;;-72;0.00;-2147483648;1,77472E+12;session_1774715333436
427;D0:03:DF:C5:D8:CD;[TV] Samsung 7 Series (50);-94;0.00;-2147483648;1,77472E+12;session_1774715333436
428;55:80:6E:74:37:27;;-95;966993583.69;12;1,77472E+12;session_1774715333436
429;E8:AA:CB:04:47:55;"43"" The Frame";-96;0.00;-2147483648;1,77472E+12;session_1774715333436
430;1C:E8:9E:54:12:46;Washer;-102;0.00;-2147483648;1,77472E+12;session_1774715333436
431;68:FC:CA:BC:DA:11;[TV] TV Living;-95;0.00;-2147483648;1,77472E+12;session_1774715333436
432;4F:3B:DF:0D:AB:22;S39 A686 LE;-101;4258796478.08;11;1,77472E+12;session_1774715333436
433;46:52:4C:D3:3A:A5;;-98;1319618199.40;12;1,77472E+12;session_1774715333436
434;52:A3:08:D4:34:66;;-101;54792929.94;17;1,77472E+12;session_1774715333436
435;98:06:3C:2D:B1:95;;-96;0.00;-2147483648;1,77472E+12;session_1774715333436
436;7C:0A:3F:54:CA:45;;-98;0.00;-2147483648;1,77472E+12;session_1774715333436
437;5D:BE:05:8B:D8:23;;-97;127880625.57;15;1,77472E+12;session_1774715333436
438;C8:79:F7:26:21:C4;;-99;0.00;-2147483648;1,77472E+12;session_1774715333436
439;0B:2A:F3:B1:33:9F;;-70;0.00;-2147483648;1,77472E+12;session_1774715333436
440;62:A0:FA:DE:D2:B0;;-82;221986244.18;12;1,77472E+12;session_1774715333436
441;05:B0:3A:D7:99:0A;;-47;0.00;-2147483648;1,77472E+12;session_1774715333436
442;D0:03:DF:C5:D8:CD;[TV] Samsung 7 Series (50);-95;0.00;-2147483648;1,77472E+12;session_1774715333436
443;5E:84:1E:47:98:AF;;-95;966993583.69;12;1,77472E+12;session_1774715333436
444;47:31:70:7A:DE:DC;;-97;1163067.51;24;1,77472E+12;session_1774715333436
445;ED:3B:7F:8C:9D:6F;;-95;0.00;-2147483648;1,77472E+12;session_1774715333436
446;3C:4F:06:03:74:5C;;-47;0.00;-2147483648;1,77472E+12;session_1774715333436
447;1C:E8:9E:54:12:46;Washer;-101;0.00;-2147483648;1,77472E+12;session_1774715333436
448;27:A4:43:1F:1F:02;;-51;0.00;-2147483648;1,77472E+12;session_1774715333436
449;3D:D3:73:17:40:44;;-47;0.00;-2147483648;1,77472E+12;session_1774715333436
450;20:64:DE:ED:F1:A6;Comedor;-86;0.00;-2147483648;1,77472E+12;session_1774715333436
451;29:37:CF:43:80:5F;;-92;0.00;-2147483648;1,77472E+12;session_1774715333436
452;A0:D7:F3:C2:B5:CF;Samsung CU8000 43;-98;0.00;-2147483648;1,77472E+12;session_1774715333436
453;06:65:29:DA:65:E9;Bn4038713;-86;0.00;-2147483648;1,77472E+12;session_1774715333436
454;2D:29:BB:28:0E:80;;-92;0.00;-2147483648;1,77472E+12;session_1774715333436
455;D8:CF:70:5B:D9:2F;;-82;0.00;-2147483648;1,77472E+12;session_1774715333436
456;52:9C:F1:9C:87:C7;;-90;1344306327.49;11;1,77472E+12;session_1774715333436
457;80:47:86:84:B8:C9;;-97;0.00;-2147483648;1,77472E+12;session_1774715333436
458;D4:BF:6F:65:0A:B3;;-83;0.00;-2147483648;1,77472E+12;session_1774715333436
459;F8:17:2D:59:E5:86;TY;-88;0.00;-2147483648;1,77472E+12;session_1774715333436
460;53:0E:DC:F4:D6:AF;;-84;282475249.00;12;1,77472E+12;session_1774715333436
461;5D:BE:05:8B:D8:23;;-98;141692925.24;15;1,77472E+12;session_1774715333436
462;2B:60:65:84:17:72;;-98;0.00;-2147483648;1,77472E+12;session_1774715333436
463;64:E7:D8:91:7B:17;;-94;0.00;-2147483648;1,77472E+12;session_1774715333436
464;BC:7E:8B:A7:51:6F;;-93;0.00;-2147483648;1,77472E+12;session_1774715333436
465;55:A5:DC:38:A6:8A;Tab S9 de Eduardo;-70;0.00;-2147483648;1,77472E+12;session_1774715333436
466;22:70:A9:92:07:63;;-99;0.00;-2147483648;1,77472E+12;session_1774715333436
467;CB:37:30:33:44:78;Govee_H619C_4478;-92;0.00;-2147483648;1,77472E+12;session_1774715333436
468;05:F2:4F:96:5E:30;;-50;0.00;-2147483648;1,77472E+12;session_1774715333436
469;FC:F1:36:35:2A:63;;-85;0.00;-2147483648;1,77472E+12;session_1774715333436
470;C8:12:0B:43:4C:93;;-99;0.00;-2147483648;1,77472E+12;session_1774715333436
471;5C:23:CB:1A:18:4E;;-80;Infinity;0;1,77472E+12;session_1774715333436
472;DB:45:E5:E7:E9:B3;;-89;0.00;-2147483648;1,77472E+12;session_1774715333436
473;D4:E0:03:E9:D4:55;;-89;0.00;-2147483648;1,77472E+12;session_1774715333436
474;46:52:4C:D3:3A:A5;;-97;1190981134.51;12;1,77472E+12;session_1774715333436
475;27:FA:B1:F0:39:7E;;-103;0.00;-2147483648;1,77472E+12;session_1774715333436
476;5E:17:B7:C1:2F:F0;;-101;0.00;-2147483648;1,77472E+12;session_1774715333436
477;BC:7E:8B:A7:51:6F;;-87;0.00;-2147483648;1,77472E+12;session_1774715333436
478;3C:4F:06:03:74:5C;;-38;0.00;-2147483648;1,77472E+12;session_1774715333436
479;CB:37:30:33:44:78;Govee_H619C_4478;-92;0.00;-2147483648;1,77472E+12;session_1774715333436
480;0B:2A:F3:B1:33:9F;;-70;0.00;-2147483648;1,77472E+12;session_1774715333436
481;20:64:DE:ED:F1:A6;Comedor;-87;0.00;-2147483648;1,77472E+12;session_1774715333436
482;3D:D3:73:17:40:44;;-38;0.00;-2147483648;1,77472E+12;session_1774715333436
483;29:37:CF:43:80:5F;;-91;0.00;-2147483648;1,77472E+12;session_1774715333436
484;53:0E:DC:F4:D6:AF;;-72;60466176.00;12;1,77472E+12;session_1774715333436
485;64:E7:D8:91:7B:17;;-96;0.00;-2147483648;1,77472E+12;session_1774715333436
486;2D:29:BB:28:0E:80;;-92;0.00;-2147483648;1,77472E+12;session_1774715333436
487;05:B0:3A:D7:99:0A;;-37;0.00;-2147483648;1,77472E+12;session_1774715333436
488;F8:17:2D:59:E5:86;TY;-88;0.00;-2147483648;1,77472E+12;session_1774715333436
489;47:31:70:7A:DE:DC;;-97;1163067.51;24;1,77472E+12;session_1774715333436
490;4F:60:3D:5E:18:6F;;-98;76095835015.88;8;1,77472E+12;session_1774715333436
491;FC:F1:36:35:2A:63;;-92;0.00;-2147483648;1,77472E+12;session_1774715333436
492;27:A4:43:1F:1F:02;;-50;0.00;-2147483648;1,77472E+12;session_1774715333436
493;27:FA:B1:F0:39:7E;;-104;0.00;-2147483648;1,77472E+12;session_1774715333436
494;46:52:4C:D3:3A:A5;;-90;563135147.09;12;1,77472E+12;session_1774715333436
495;A0:D7:F3:C2:B5:CF;Samsung CU8000 43;-92;0.00;-2147483648;1,77472E+12;session_1774715333436
496;62:A0:FA:DE:D2:B0;;-81;196353084.65;12;1,77472E+12;session_1774715333436
497;55:A5:DC:38:A6:8A;Tab S9 de Eduardo;-68;0.00;-2147483648;1,77472E+12;session_1774715333436
498;ED:CE:61:80:4B:55;;-99;0.00;-2147483648;1,77472E+12;session_1774715333436
499;05:F2:4F:96:5E:30;;-44;0.00;-2147483648;1,77472E+12;session_1774715333436
500;55:28:74:C4:C9:31;JBL Go 4;-102;0.00;-2147483648;1,77472E+12;session_1774715333436
501;06:65:29:DA:65:E9;Bn4038713;-94;0.00;-2147483648;1,77472E+12;session_1774715333436
502;00:04:EA:E9:D3:A7;;-100;0.00;-2147483648;1,77472E+12;session_1774715333436
503;52:9C:F1:9C:87:C7;;-94;2076594428.25;11;1,77472E+12;session_1774715333436
504;B0:52:16:D4:AA:5C;;-98;0.00;-2147483648;1,77472E+12;session_1774715333436
505;D0:03:DF:C5:D8:CD;[TV] Samsung 7 Series (50);-97;0.00;-2147483648;1,77472E+12;session_1774715333436
506;68:FC:CA:BC:DA:11;[TV] TV Living;-95;0.00;-2147483648;1,77472E+12;session_1774715333436
507;E8:AA:CB:04:47:55;"43"" The Frame";-101;0.00;-2147483648;1,77472E+12;session_1774715333436
508;47:BB:2C:BF:10:92;;-101;0.00;-2147483648;1,77472E+12;session_1774715333436
509;D8:CF:70:5B:D9:2F;;-79;0.00;-2147483648;1,77472E+12;session_1774715333436
510;DB:45:E5:E7:E9:B3;;-84;0.00;-2147483648;1,77472E+12;session_1774715333436
511;98:06:3C:2D:B1:95;;-97;0.00;-2147483648;1,77472E+12;session_1774715333436
512;62:99:38:0B:E5:74;;-93;Infinity;0;1,77472E+12;session_1774715333436
513;7C:0A:3F:54:CA:45;;-103;0.00;-2147483648;1,77472E+12;session_1774715333436
514;55:6F:D8:26:D7:C2;;-93;0.00;-2147483648;1,77472E+12;session_1774715333436
515;22:70:A9:92:07:63;;-96;0.00;-2147483648;1,77472E+12;session_1774715333436
516;05:F2:4F:96:5E:30;;-47;0.00;-2147483648;1,77472E+12;session_1774715333436
517;3C:4F:06:03:74:5C;;-47;0.00;-2147483648;1,77472E+12;session_1774715333436
518;3D:D3:73:17:40:44;;-48;0.00;-2147483648;1,77472E+12;session_1774715333436
519;53:0E:DC:F4:D6:AF;;-84;282475249.00;12;1,77472E+12;session_1774715333436
520;47:31:70:7A:DE:DC;;-98;1288689.65;24;1,77472E+12;session_1774715333436
521;BC:7E:8B:A7:51:6F;;-97;0.00;-2147483648;1,77472E+12;session_1774715333436
522;0B:2A:F3:B1:33:9F;;-69;0.00;-2147483648;1,77472E+12;session_1774715333436
523;05:B0:3A:D7:99:0A;;-49;0.00;-2147483648;1,77472E+12;session_1774715333436
524;A0:D7:F3:C2:B5:CF;Samsung CU8000 43;-98;0.00;-2147483648;1,77472E+12;session_1774715333436
525;D8:CF:70:5B:D9:2F;;-81;0.00;-2147483648;1,77472E+12;session_1774715333436
526;64:E7:D8:91:7B:17;;-100;0.00;-2147483648;1,77472E+12;session_1774715333436
527;F8:17:2D:59:E5:86;TY;-94;0.00;-2147483648;1,77472E+12;session_1774715333436
528;FC:F1:36:35:2A:63;;-93;0.00;-2147483648;1,77472E+12;session_1774715333436
529;52:9C:F1:9C:87:C7;;-91;1501367711.36;11;1,77472E+12;session_1774715333436
530;62:A0:FA:DE:D2:B0;;-87;401217683.12;12;1,77472E+12;session_1774715333436
531;06:65:29:DA:65:E9;Bn4038713;-88;0.00;-2147483648;1,77472E+12;session_1774715333436
532;2D:29:BB:28:0E:80;;-97;0.00;-2147483648;1,77472E+12;session_1774715333436
533;55:A5:DC:38:A6:8A;Tab S9 de Eduardo;-68;0.00;-2147483648;1,77472E+12;session_1774715333436
534;D0:03:DF:C5:D8:CD;[TV] Samsung 7 Series (50);-100;0.00;-2147483648;1,77472E+12;session_1774715333436
535;DB:45:E5:E7:E9:B3;;-82;0.00;-2147483648;1,77472E+12;session_1774715333436
536;20:64:DE:ED:F1:A6;Comedor;-92;0.00;-2147483648;1,77472E+12;session_1774715333436
537;EC:E8:80:AF:45:A9;FMB130_9225879_LE;-90;Infinity;0;1,77472E+12;session_1774715333436
538;27:A4:43:1F:1F:02;;-46;0.00;-2147483648;1,77472E+12;session_1774715333436
539;5D:BE:05:8B:D8:23;;-97;127880625.57;15;1,77472E+12;session_1774715333436
540;29:37:CF:43:80:5F;;-93;0.00;-2147483648;1,77472E+12;session_1774715333436
541;C8:12:0B:43:4C:93;;-99;0.00;-2147483648;1,77472E+12;session_1774715333436
542;CB:37:30:33:44:78;Govee_H619C_4478;-96;0.00;-2147483648;1,77472E+12;session_1774715333436
543;4F:60:3D:5E:18:6F;;-99;84227144253.33;8;1,77472E+12;session_1774715333436
544;C3:2E:3E:AA:CC:D8;;-94;0.00;-2147483648;1,77472E+12;session_1774715333436
545;55:28:74:C4:C9:31;JBL Go 4;-99;0.00;-2147483648;1,77472E+12;session_1774715333436
546;E8:AA:CB:04:47:55;"43"" The Frame";-98;0.00;-2147483648;1,77472E+12;session_1774715333436
547;ED:3B:7F:8C:9D:6F;;-101;0.00;-2147483648;1,77472E+12;session_1774715333436
548;D4:E0:03:E9:D4:55;;-89;0.00;-2147483648;1,77472E+12;session_1774715333436
549;5E:17:B7:C1:2F:F0;;-98;0.00;-2147483648;1,77472E+12;session_1774715333436
550;27:FA:B1:F0:39:7E;;-101;0.00;-2147483648;1,77472E+12;session_1774715333436
551;47:BB:2C:BF:10:92;;-100;0.00;-2147483648;1,77472E+12;session_1774715333436
552;54:B8:74:72:CE:63;net;-102;0.00;-2147483648;1,77472E+12;session_1774715333436
553;62:99:38:0B:E5:74;;-99;Infinity;0;1,77472E+12;session_1774715333436
554;68:FC:CA:BC:DA:11;[TV] TV Living;-97;0.00;-2147483648;1,77472E+12;session_1774715333436
555;7D:12:36:12:00:ED;;-100;Infinity;0;1,77472E+12;session_1774715333436
556;5E:84:1E:47:98:AF;;-95;966993583.69;12;1,77472E+12;session_1774715333436
557;FC:F1:36:35:2A:63;;-90;0.00;-2147483648;1,77472E+12;session_1774715333436
558;BC:7E:8B:A7:51:6F;;-97;0.00;-2147483648;1,77472E+12;session_1774715333436
559;2D:29:BB:28:0E:80;;-94;0.00;-2147483648;1,77472E+12;session_1774715333436
560;05:F2:4F:96:5E:30;;-46;0.00;-2147483648;1,77472E+12;session_1774715333436
561;3D:D3:73:17:40:44;;-37;0.00;-2147483648;1,77472E+12;session_1774715333436
562;F8:17:2D:59:E5:86;TY;-87;0.00;-2147483648;1,77472E+12;session_1774715333436
563;5E:84:1E:47:98:AF;;-96;1073741824.00;12;1,77472E+12;session_1774715333436
564;20:64:DE:ED:F1:A6;Comedor;-82;0.00;-2147483648;1,77472E+12;session_1774715333436
565;47:31:70:7A:DE:DC;;-99;1426394.08;24;1,77472E+12;session_1774715333436
566;62:A0:FA:DE:D2:B0;;-87;401217683.12;12;1,77472E+12;session_1774715333436
567;55:A5:DC:38:A6:8A;Tab S9 de Eduardo;-64;0.00;-2147483648;1,77472E+12;session_1774715333436
568;06:65:29:DA:65:E9;Bn4038713;-84;0.00;-2147483648;1,77472E+12;session_1774715333436
569;53:0E:DC:F4:D6:AF;;-72;60466176.00;12;1,77472E+12;session_1774715333436
570;64:E7:D8:91:7B:17;;-102;0.00;-2147483648;1,77472E+12;session_1774715333436
571;27:A4:43:1F:1F:02;;-46;0.00;-2147483648;1,77472E+12;session_1774715333436
572;29:37:CF:43:80:5F;;-83;0.00;-2147483648;1,77472E+12;session_1774715333436
573;F7:50:64:2E:EA:F4;;-97;0.00;-2147483648;1,77472E+12;session_1774715333436
574;7D:12:36:12:00:ED;;-98;Infinity;0;1,77472E+12;session_1774715333436
575;49:09:58:76:E1:88;;-98;1319618199.40;12;1,77472E+12;session_1774715333436
576;46:52:4C:D3:3A:A5;;-96;1073741824.00;12;1,77472E+12;session_1774715333436
577;5E:17:B7:C1:2F:F0;;-97;0.00;-2147483648;1,77472E+12;session_1774715333436
578;4F:60:3D:5E:18:6F;;-98;76095835015.88;8;1,77472E+12;session_1774715333436
579;D4:BF:6F:65:0A:B3;;-79;0.00;-2147483648;1,77472E+12;session_1774715333436
580;0B:2A:F3:B1:33:9F;;-63;0.00;-2147483648;1,77472E+12;session_1774715333436
581;DB:45:E5:E7:E9:B3;;-87;0.00;-2147483648;1,77472E+12;session_1774715333436
582;CB:37:30:33:44:78;Govee_H619C_4478;-96;0.00;-2147483648;1,77472E+12;session_1774715333436
583;62:99:38:0B:E5:74;;-98;Infinity;0;1,77472E+12;session_1774715333436
584;68:FC:CA:BC:DA:11;[TV] TV Living;-96;0.00;-2147483648;1,77472E+12;session_1774715333436
585;A0:D7:F3:C2:B5:CF;Samsung CU8000 43;-97;0.00;-2147483648;1,77472E+12;session_1774715333436
586;8C:EA:48:4C:02:79;;-101;0.00;-2147483648;1,77472E+12;session_1774715333436
587;5D:BE:05:8B:D8:23;;-98;141692925.24;15;1,77472E+12;session_1774715333436
588;52:9C:F1:9C:87:C7;;-98;3150169376.71;11;1,77472E+12;session_1774715333436
589;65:DA:77:11:6B:A0;;-100;0.00;-2147483648;1,77472E+12;session_1774715333436
590;E8:AA:CB:04:47:55;"43"" The Frame";-96;0.00;-2147483648;1,77472E+12;session_1774715333436
591;F4:3B:F3:5F:D0:AF;;-102;0.00;-2147483648;1,77472E+12;session_1774715333436
592;C8:12:0B:43:4C:93;;-95;0.00;-2147483648;1,77472E+12;session_1774715333436
593;D4:E0:03:E9:D4:55;;-97;0.00;-2147483648;1,77472E+12;session_1774715333436
594;D8:CF:70:5B:D9:2F;;-88;0.00;-2147483648;1,77472E+12;session_1774715333436
595;06:65:29:DA:65:E9;Bn4038713;-89;0.00;-2147483648;1,77472E+12;session_1774715333436
596;D4:BF:6F:65:0A:B3;;-87;0.00;-2147483648;1,77472E+12;session_1774715333436
597;D0:03:DF:C5:D8:CD;[TV] Samsung 7 Series (50);-95;0.00;-2147483648;1,77472E+12;session_1774715333436
598;47:31:70:7A:DE:DC;;-99;1426394.08;24;1,77472E+12;session_1774715333436
599;20:64:DE:ED:F1:A6;Comedor;-83;0.00;-2147483648;1,77472E+12;session_1774715333436
600;62:A0:FA:DE:D2:B0;;-80;173415299.16;12;1,77472E+12;session_1774715333436
601;3D:D3:73:17:40:44;;-36;0.00;-2147483648;1,77472E+12;session_1774715333436
602;27:A4:43:1F:1F:02;;-43;0.00;-2147483648;1,77472E+12;session_1774715333436
603;F8:17:2D:59:E5:86;TY;-87;0.00;-2147483648;1,77472E+12;session_1774715333436
604;29:37:CF:43:80:5F;;-84;0.00;-2147483648;1,77472E+12;session_1774715333436
605;2D:29:BB:28:0E:80;;-94;0.00;-2147483648;1,77472E+12;session_1774715333436
606;68:FC:CA:BC:DA:11;[TV] TV Living;-98;0.00;-2147483648;1,77472E+12;session_1774715333436
607;0B:2A:F3:B1:33:9F;;-65;0.00;-2147483648;1,77472E+12;session_1774715333436
608;55:A5:DC:38:A6:8A;Tab S9 de Eduardo;-61;0.00;-2147483648;1,77472E+12;session_1774715333436
609;FC:F1:36:35:2A:63;;-91;0.00;-2147483648;1,77472E+12;session_1774715333436
610;A0:D7:F3:C2:B5:CF;Samsung CU8000 43;-94;0.00;-2147483648;1,77472E+12;session_1774715333436
611;5E:84:1E:47:98:AF;;-96;1073741824.00;12;1,77472E+12;session_1774715333436
612;53:0E:DC:F4:D6:AF;;-87;401217683.12;12;1,77472E+12;session_1774715333436
613;C8:12:0B:43:4C:93;;-88;0.00;-2147483648;1,77472E+12;session_1774715333436
614;E8:AA:CB:04:47:55;"43"" The Frame";-95;0.00;-2147483648;1,77472E+12;session_1774715333436
615;DB:45:E5:E7:E9:B3;;-86;0.00;-2147483648;1,77472E+12;session_1774715333436
616;52:9C:F1:9C:87:C7;;-95;2308390090.57;11;1,77472E+12;session_1774715333436
617;05:F2:4F:96:5E:30;;-43;0.00;-2147483648;1,77472E+12;session_1774715333436
618;CB:37:30:33:44:78;Govee_H619C_4478;-95;0.00;-2147483648;1,77472E+12;session_1774715333436
619;62:99:38:0B:E5:74;;-98;Infinity;0;1,77472E+12;session_1774715333436
620;55:80:6E:74:37:27;;-99;1460627541.79;12;1,77472E+12;session_1774715333436
621;A0:D0:5B:9D:8F:5A;[TV] Samsung Serif TV (55);-98;0.00;-2147483648;1,77472E+12;session_1774715333436
622;52:A3:08:D4:34:66;;-100;49603324.68;17;1,77472E+12;session_1774715333436
623;47:BB:2C:BF:10:92;;-95;0.00;-2147483648;1,77472E+12;session_1774715333436
624;64:E7:D8:91:7B:17;;-97;0.00;-2147483648;1,77472E+12;session_1774715333436
625;55:6F:D8:26:D7:C2;;-99;0.00;-2147483648;1,77472E+12;session_1774715333436
626;27:FA:B1:F0:39:7E;;-100;0.00;-2147483648;1,77472E+12;session_1774715333436
627;BC:7E:8B:A7:51:6F;;-99;0.00;-2147483648;1,77472E+12;session_1774715333436
628;D4:E0:03:E9:D4:55;;-98;0.00;-2147483648;1,77472E+12;session_1774715333436
629;D8:CF:70:5B:D9:2F;;-80;0.00;-2147483648;1,77472E+12;session_1774715333436
630;7D:12:36:12:00:ED;;-99;Infinity;0;1,77472E+12;session_1774715333436
631;5C:E5:D2:AA:50:D6;;-98;Infinity;0;1,77472E+12;session_1774715333436
632;D2:ED:FA:15:7E:74;;-100;0.00;-2147483648;1,77472E+12;session_1774715333436
633;57:0B:34:09:93:46;;-99;Infinity;0;1,77472E+12;session_1774715333436
634;4F:60:3D:5E:18:6F;;-96;61917364224.00;8;1,77472E+12;session_1774715333436
635;ED:EE:48:ED:C5:7C;Vasco de Gam;-102;0.00;-2147483648;1,77472E+12;session_1774715333436
636;F5:FD:5A:F1:8E:3B;;-97;0.00;-2147483648;1,77472E+12;session_1774715333436
637;68:FC:CA:BC:DA:11;[TV] TV Living;-100;0.00;-2147483648;1,77472E+12;session_1774715333436
638;46:52:4C:D3:3A:A5;;-94;869893479.55;12;1,77472E+12;session_1774715333436
639;FC:F1:36:35:2A:63;;-89;0.00;-2147483648;1,77472E+12;session_1774715333436
640;55:80:6E:74:37:27;;-95;966993583.69;12;1,77472E+12;session_1774715333436
641;64:E7:D8:91:7B:17;;-99;0.00;-2147483648;1,77472E+12;session_1774715333436
642;06:65:29:DA:65:E9;Bn4038713;-81;0.00;-2147483648;1,77472E+12;session_1774715333436
643;29:37:CF:43:80:5F;;-86;0.00;-2147483648;1,77472E+12;session_1774715333436
644;F8:17:2D:59:E5:86;TY;-86;0.00;-2147483648;1,77472E+12;session_1774715333436
645;3D:D3:73:17:40:44;;-38;0.00;-2147483648;1,77472E+12;session_1774715333436
646;CB:37:30:33:44:78;Govee_H619C_4478;-96;0.00;-2147483648;1,77472E+12;session_1774715333436
647;20:64:DE:ED:F1:A6;Comedor;-84;0.00;-2147483648;1,77472E+12;session_1774715333436
648;47:31:70:7A:DE:DC;;-101;1742213.28;24;1,77472E+12;session_1774715333436
649;27:A4:43:1F:1F:02;;-45;0.00;-2147483648;1,77472E+12;session_1774715333436
650;05:F2:4F:96:5E:30;;-45;0.00;-2147483648;1,77472E+12;session_1774715333436
651;2D:29:BB:28:0E:80;;-97;0.00;-2147483648;1,77472E+12;session_1774715333436
652;5D:BE:05:8B:D8:23;;-98;141692925.24;15;1,77472E+12;session_1774715333436
653;4F:60:3D:5E:18:6F;;-96;61917364224.00;8;1,77472E+12;session_1774715333436
654;49:09:58:76:E1:88;;-99;1460627541.79;12;1,77472E+12;session_1774715333436
655;55:A5:DC:38:A6:8A;Tab S9 de Eduardo;-64;0.00;-2147483648;1,77472E+12;session_1774715333436
656;53:0E:DC:F4:D6:AF;;-82;221986244.18;12;1,77472E+12;session_1774715333436
657;D4:E0:03:E9:D4:55;;-96;0.00;-2147483648;1,77472E+12;session_1774715333436
658;62:A0:FA:DE:D2:B0;;-88;449794624.66;12;1,77472E+12;session_1774715333436
659;70:71:2F:CD:64:D1;;-99;0.00;-2147483648;1,77472E+12;session_1774715333436
660;0B:2A:F3:B1:33:9F;;-63;0.00;-2147483648;1,77472E+12;session_1774715333436
661;E8:AA:CB:04:47:55;"43"" The Frame";-94;0.00;-2147483648;1,77472E+12;session_1774715333436
662;A0:D7:F3:C2:B5:CF;Samsung CU8000 43;-94;0.00;-2147483648;1,77472E+12;session_1774715333436
663;0B:6E:32:58:9A:E9;;-101;0.00;-2147483648;1,77472E+12;session_1774715333436
664;C8:12:0B:43:4C:93;;-94;0.00;-2147483648;1,77472E+12;session_1774715333436
665;52:9C:F1:9C:87:C7;;-97;2843089235.88;11;1,77472E+12;session_1774715333436
666;C3:2E:3E:AA:CC:D8;;-94;0.00;-2147483648;1,77472E+12;session_1774715333436
667;C8:79:F7:26:21:C4;;-94;0.00;-2147483648;1,77472E+12;session_1774715333436
668;ED:3B:7F:8C:9D:6F;;-95;0.00;-2147483648;1,77472E+12;session_1774715333436
669;D4:BF:6F:65:0A:B3;;-81;0.00;-2147483648;1,77472E+12;session_1774715333436
670;62:A0:FA:DE:D2:B0;;-80;173415299.16;12;1,77472E+12;session_1774715333436
671;05:F2:4F:96:5E:30;;-42;0.00;-2147483648;1,77472E+12;session_1774715333436
672;06:65:29:DA:65:E9;Bn4038713;-89;0.00;-2147483648;1,77472E+12;session_1774715333436
673;FC:F1:36:35:2A:63;;-89;0.00;-2147483648;1,77472E+12;session_1774715333436
674;E8:AA:CB:04:47:55;"43"" The Frame";-96;0.00;-2147483648;1,77472E+12;session_1774715333436
675;20:64:DE:ED:F1:A6;Comedor;-82;0.00;-2147483648;1,77472E+12;session_1774715333436
676;29:37:CF:43:80:5F;;-85;0.00;-2147483648;1,77472E+12;session_1774715333436
677;3D:D3:73:17:40:44;;-37;0.00;-2147483648;1,77472E+12;session_1774715333436
678;A0:D7:F3:C2:B5:CF;Samsung CU8000 43;-94;0.00;-2147483648;1,77472E+12;session_1774715333436
679;C8:12:0B:43:4C:93;;-92;0.00;-2147483648;1,77472E+12;session_1774715333436
680;53:0E:DC:F4:D6:AF;;-79;152917944.77;12;1,77472E+12;session_1774715333436
681;DB:45:E5:E7:E9:B3;;-87;0.00;-2147483648;1,77472E+12;session_1774715333436
682;0B:2A:F3:B1:33:9F;;-61;0.00;-2147483648;1,77472E+12;session_1774715333436
683;46:52:4C:D3:3A:A5;;-95;966993583.69;12;1,77472E+12;session_1774715333436
684;27:A4:43:1F:1F:02;;-42;0.00;-2147483648;1,77472E+12;session_1774715333436
685;5D:BE:05:8B:D8:23;;-99;156833688.09;15;1,77472E+12;session_1774715333436
686;F8:17:2D:59:E5:86;TY;-95;0.00;-2147483648;1,77472E+12;session_1774715333436
687;5E:17:B7:C1:2F:F0;;-100;0.00;-2147483648;1,77472E+12;session_1774715333436
688;55:A5:DC:38:A6:8A;Tab S9 de Eduardo;-60;0.00;-2147483648;1,77472E+12;session_1774715333436
689;47:BB:2C:BF:10:92;;-100;0.00;-2147483648;1,77472E+12;session_1774715333436
690;64:E7:D8:91:7B:17;;-96;0.00;-2147483648;1,77472E+12;session_1774715333436
691;4F:60:3D:5E:18:6F;;-95;55761722776.89;8;1,77472E+12;session_1774715333436
692;2D:29:BB:28:0E:80;;-94;0.00;-2147483648;1,77472E+12;session_1774715333436
693;D0:03:DF:C5:D8:CD;[TV] Samsung 7 Series (50);-97;0.00;-2147483648;1,77472E+12;session_1774715333436
694;47:31:70:7A:DE:DC;;-99;1426394.08;24;1,77472E+12;session_1774715333436
695;F5:FD:5A:F1:8E:3B;;-94;0.00;-2147483648;1,77472E+12;session_1774715333436
696;BC:7E:8B:A7:51:6F;;-95;0.00;-2147483648;1,77472E+12;session_1774715333436
697;27:FA:B1:F0:39:7E;;-100;0.00;-2147483648;1,77472E+12;session_1774715333436
698;52:9C:F1:9C:87:C7;;-95;2308390090.57;11;1,77472E+12;session_1774715333436
699;CB:37:30:33:44:78;Govee_H619C_4478;-92;0.00;-2147483648;1,77472E+12;session_1774715333436
700;7D:12:36:12:00:ED;;-99;Infinity;0;1,77472E+12;session_1774715333436
701;62:99:38:0B:E5:74;;-101;Infinity;0;1,77472E+12;session_1774715333436
702;5C:E5:D2:AA:50:D6;;-101;Infinity;0;1,77472E+12;session_1774715333436
703;A0:D0:5B:9D:8F:5A;[TV] Samsung Serif TV (55);-100;0.00;-2147483648;1,77472E+12;session_1774715333436
704;70:71:2F:CD:64:D1;;-99;0.00;-2147483648;1,77472E+12;session_1774715333436
705;D4:E0:03:E9:D4:55;;-95;0.00;-2147483648;1,77472E+12;session_1774715333436
706;D4:BF:6F:65:0A:B3;;-74;0.00;-2147483648;1,77472E+12;session_1774715333436
707;49:09:58:76:E1:88;;-98;1319618199.40;12;1,77472E+12;session_1774715333436
708;EC:E8:80:AF:45:A9;FMB130_9225879_LE;-98;Infinity;0;1,77472E+12;session_1774715333436
709;55:80:6E:74:37:27;;-99;1460627541.79;12;1,77472E+12;session_1774715333436
710;68:FC:CA:BC:DA:11;[TV] TV Living;-99;0.00;-2147483648;1,77472E+12;session_1774715333436
711;20:64:DE:ED:F1:A6;Comedor;-83;0.00;-2147483648;1,77472E+12;session_1774715333436
712;55:A5:DC:38:A6:8A;Tab S9 de Eduardo;-65;0.00;-2147483648;1,77472E+12;session_1774715333436
713;27:A4:43:1F:1F:02;;-45;0.00;-2147483648;1,77472E+12;session_1774715333436
714;FC:F1:36:35:2A:63;;-88;0.00;-2147483648;1,77472E+12;session_1774715333436
715;2D:29:BB:28:0E:80;;-98;0.00;-2147483648;1,77472E+12;session_1774715333436
716;29:37:CF:43:80:5F;;-91;0.00;-2147483648;1,77472E+12;session_1774715333436
717;3D:D3:73:17:40:44;;-47;0.00;-2147483648;1,77472E+12;session_1774715333436
718;E8:AA:CB:04:47:55;"43"" The Frame";-100;0.00;-2147483648;1,77472E+12;session_1774715333436
719;64:E7:D8:91:7B:17;;-99;0.00;-2147483648;1,77472E+12;session_1774715333436
720;49:09:58:76:E1:88;;-98;1319618199.40;12;1,77472E+12;session_1774715333436
721;53:0E:DC:F4:D6:AF;;-78;134627433.45;12;1,77472E+12;session_1774715333436
722;46:52:4C:D3:3A:A5;;-96;1073741824.00;12;1,77472E+12;session_1774715333436
723;52:9C:F1:9C:87:C7;;-91;1501367711.36;11;1,77472E+12;session_1774715333436
724;55:80:6E:74:37:27;;-95;966993583.69;12;1,77472E+12;session_1774715333436
725;62:A0:FA:DE:D2:B0;;-90;563135147.09;12;1,77472E+12;session_1774715333436
726;0B:2A:F3:B1:33:9F;;-65;0.00;-2147483648;1,77472E+12;session_1774715333436
727;CB:37:30:33:44:78;Govee_H619C_4478;-92;0.00;-2147483648;1,77472E+12;session_1774715333436
728;68:FC:CA:BC:DA:11;[TV] TV Living;-98;0.00;-2147483648;1,77472E+12;session_1774715333436
729;05:F2:4F:96:5E:30;;-46;0.00;-2147483648;1,77472E+12;session_1774715333436
730;C3:2E:3E:AA:CC:D8;;-96;0.00;-2147483648;1,77472E+12;session_1774715333436
731;62:99:38:0B:E5:74;;-100;Infinity;0;1,77472E+12;session_1774715333436
732;5D:BE:05:8B:D8:23;;-101;191558376.34;15;1,77472E+12;session_1774715333436
733;ED:3B:7F:8C:9D:6F;;-99;0.00;-2147483648;1,77472E+12;session_1774715333436
734;06:65:29:DA:65:E9;Bn4038713;-88;0.00;-2147483648;1,77472E+12;session_1774715333436
735;D8:CF:70:5B:D9:2F;;-80;0.00;-2147483648;1,77472E+12;session_1774715333436
736;D4:BF:6F:65:0A:B3;;-78;0.00;-2147483648;1,77472E+12;session_1774715333436
737;F8:17:2D:59:E5:86;TY;-92;0.00;-2147483648;1,77472E+12;session_1774715333436
738;47:31:70:7A:DE:DC;;-99;1426394.08;24;1,77472E+12;session_1774715333436
739;C8:12:0B:43:4C:93;;-92;0.00;-2147483648;1,77472E+12;session_1774715333436
740;A0:D7:F3:C2:B5:CF;Samsung CU8000 43;-93;0.00;-2147483648;1,77472E+12;session_1774715333436
741;7C:0A:3F:58:89:A7;;-98;0.00;-2147483648;1,77472E+12;session_1774715333436
742;DB:45:E5:E7:E9:B3;;-80;0.00;-2147483648;1,77472E+12;session_1774715333436
743;C7:8F:82:A5:07:E3;;-100;0.00;-2147483648;1,77472E+12;session_1774715333436
744;D0:03:DF:C5:D8:CD;[TV] Samsung 7 Series (50);-96;0.00;-2147483648;1,77472E+12;session_1774715333436
745;7D:C6:CA:B2:6B:69;;-100;1615055828.90;12;1,77472E+12;session_1774715333436
746;5E:84:1E:47:98:AF;;-98;1319618199.40;12;1,77472E+12;session_1774715333436
747;4F:60:3D:5E:18:6F;;-97;68677973644.34;8;1,77472E+12;session_1774715333436
748;06:65:29:DA:65:E9;Bn4038713;-89;0.00;-2147483648;1,77472E+12;session_1774715333436
749;2D:29:BB:28:0E:80;;-90;0.00;-2147483648;1,77472E+12;session_1774715333436
750;3D:D3:73:17:40:44;;-37;0.00;-2147483648;1,77472E+12;session_1774715333436
751;DB:45:E5:E7:E9:B3;;-94;0.00;-2147483648;1,77472E+12;session_1774715333436
752;29:37:CF:43:80:5F;;-86;0.00;-2147483648;1,77472E+12;session_1774715333436
753;FC:F1:36:35:2A:63;;-89;0.00;-2147483648;1,77472E+12;session_1774715333436
754;53:0E:DC:F4:D6:AF;;-90;563135147.09;12;1,77472E+12;session_1774715333436
755;20:64:DE:ED:F1:A6;Comedor;-82;0.00;-2147483648;1,77472E+12;session_1774715333436
756;27:A4:43:1F:1F:02;;-40;0.00;-2147483648;1,77472E+12;session_1774715333436
757;CB:37:30:33:44:78;Govee_H619C_4478;-90;0.00;-2147483648;1,77472E+12;session_1774715333436
758;64:E7:D8:91:7B:17;;-94;0.00;-2147483648;1,77472E+12;session_1774715333436
759;52:9C:F1:9C:87:C7;;-98;3150169376.71;11;1,77472E+12;session_1774715333436
760;BC:7E:8B:A7:51:6F;;-98;0.00;-2147483648;1,77472E+12;session_1774715333436
761;05:F2:4F:96:5E:30;;-41;0.00;-2147483648;1,77472E+12;session_1774715333436
762;47:BB:2C:BF:10:92;;-99;0.00;-2147483648;1,77472E+12;session_1774715333436
763;0B:2A:F3:B1:33:9F;;-60;0.00;-2147483648;1,77472E+12;session_1774715333436
764;F5:FD:5A:F1:8E:3B;;-96;0.00;-2147483648;1,77472E+12;session_1774715333436
765;5E:17:B7:C1:2F:F0;;-98;0.00;-2147483648;1,77472E+12;session_1774715333436
766;27:FA:B1:F0:39:7E;;-99;0.00;-2147483648;1,77472E+12;session_1774715333436
767;62:A0:FA:DE:D2:B0;;-81;196353084.65;12;1,77472E+12;session_1774715333436
768;F8:17:2D:59:E5:86;TY;-90;0.00;-2147483648;1,77472E+12;session_1774715333436
769;55:A5:DC:38:A6:8A;Tab S9 de Eduardo;-61;0.00;-2147483648;1,77472E+12;session_1774715333436
770;D0:03:DF:C5:D8:CD;[TV] Samsung 7 Series (50);-98;0.00;-2147483648;1,77472E+12;session_1774715333436
771;55:80:6E:74:37:27;;-97;1190981134.51;12;1,77472E+12;session_1774715333436
772;F4:DF:EE:8E:1F:09;;-100;0.00;-2147483648;1,77472E+12;session_1774715333436
773;4F:60:3D:5E:18:6F;;-95;55761722776.89;8;1,77472E+12;session_1774715333436
774;ED:3B:7F:8C:9D:6F;;-100;0.00;-2147483648;1,77472E+12;session_1774715333436
775;7D:12:36:12:00:ED;;-99;Infinity;0;1,77472E+12;session_1774715333436
776;D4:E0:03:E9:D4:55;;-95;0.00;-2147483648;1,77472E+12;session_1774715333436
777;68:FC:CA:BC:DA:11;[TV] TV Living;-99;0.00;-2147483648;1,77472E+12;session_1774715333436
778;D4:BF:6F:65:0A:B3;;-80;0.00;-2147483648;1,77472E+12;session_1774715333436
779;47:31:70:7A:DE:DC;;-100;1577202.96;24;1,77472E+12;session_1774715333436
780;46:52:4C:D3:3A:A5;;-92;701561605.00;12;1,77472E+12;session_1774715333436
781;49:09:58:76:E1:88;;-97;1190981134.51;12;1,77472E+12;session_1774715333436
782;53:0E:DC:F4:D6:AF;;-100;1615055828.90;12;1,77472E+12;session_1774715333436
783;47:31:70:7A:DE:DC;;-96;1048576.00;24;1,77472E+12;session_1774715333436
784;06:65:29:DA:65:E9;Bn4038713;-87;0.00;-2147483648;1,77472E+12;session_1774715333436
785;CB:37:30:33:44:78;Govee_H619C_4478;-96;0.00;-2147483648;1,77472E+12;session_1774715333436
786;E8:AA:CB:04:47:55;"43"" The Frame";-93;0.00;-2147483648;1,77472E+12;session_1774715333436
787;3D:D3:73:17:40:44;;-45;0.00;-2147483648;1,77472E+12;session_1774715333436
788;29:37:CF:43:80:5F;;-96;0.00;-2147483648;1,77472E+12;session_1774715333436
789;62:A0:FA:DE:D2:B0;;-80;173415299.16;12;1,77472E+12;session_1774715333436
790;27:A4:43:1F:1F:02;;-45;0.00;-2147483648;1,77472E+12;session_1774715333436
791;55:A5:DC:38:A6:8A;Tab S9 de Eduardo;-64;0.00;-2147483648;1,77472E+12;session_1774715333436
792;2D:29:BB:28:0E:80;;-91;0.00;-2147483648;1,77472E+12;session_1774715333436
793;68:FC:CA:BC:DA:11;[TV] TV Living;-99;0.00;-2147483648;1,77472E+12;session_1774715333436
794;49:09:58:76:E1:88;;-97;1190981134.51;12;1,77472E+12;session_1774715333436
795;C8:79:F7:26:21:C4;;-95;0.00;-2147483648;1,77472E+12;session_1774715333436
796;0B:2A:F3:B1:33:9F;;-63;0.00;-2147483648;1,77472E+12;session_1774715333436
797;20:64:DE:ED:F1:A6;Comedor;-87;0.00;-2147483648;1,77472E+12;session_1774715333436
798;46:52:4C:D3:3A:A5;;-94;869893479.55;12;1,77472E+12;session_1774715333436
799;62:99:38:0B:E5:74;;-98;Infinity;0;1,77472E+12;session_1774715333436
800;FC:F1:36:35:2A:63;;-88;0.00;-2147483648;1,77472E+12;session_1774715333436
801;55:80:6E:74:37:27;;-98;1319618199.40;12;1,77472E+12;session_1774715333436
802;F8:17:2D:59:E5:86;TY;-97;0.00;-2147483648;1,77472E+12;session_1774715333436
803;A0:D7:F3:C2:B5:CF;Samsung CU8000 43;-96;0.00;-2147483648;1,77472E+12;session_1774715333436
804;05:F2:4F:96:5E:30;;-45;0.00;-2147483648;1,77472E+12;session_1774715333436
805;C8:12:0B:43:4C:93;;-92;0.00;-2147483648;1,77472E+12;session_1774715333436
806;D4:BF:6F:65:0A:B3;;-95;0.00;-2147483648;1,77472E+12;session_1774715333436
807;D0:03:DF:C5:D8:CD;[TV] Samsung 7 Series (50);-97;0.00;-2147483648;1,77472E+12;session_1774715333436
808;DB:45:E5:E7:E9:B3;;-74;0.00;-2147483648;1,77472E+12;session_1774715333436
809;64:E7:D8:91:7B:17;;-95;0.00;-2147483648;1,77472E+12;session_1774715333436
810;D7:2B:B7:3C:0E:0C;;-101;0.00;-2147483648;1,77472E+12;session_1774715333436
811;52:9C:F1:9C:87:C7;;-98;3150169376.71;11;1,77472E+12;session_1774715333436
812;98:06:3C:2D:B1:95;;-99;0.00;-2147483648;1,77472E+12;session_1774715333436
813;80:47:86:84:B8:C9;;-99;0.00;-2147483648;1,77472E+12;session_1774715333436
814;23:7D:B2:3C:01:87;;-100;0.00;-2147483648;1,77472E+12;session_1774715333436
815;8C:EA:48:4C:02:79;;-98;0.00;-2147483648;1,77472E+12;session_1774715333436
816;BC:7E:8B:A7:51:6F;;-97;0.00;-2147483648;1,77472E+12;session_1774715333436
817;4F:60:3D:5E:18:6F;;-97;68677973644.34;8;1,77472E+12;session_1774715333436
818;7D:12:36:12:00:ED;;-100;Infinity;0;1,77472E+12;session_1774715333436
819;5E:17:B7:C1:2F:F0;;-99;0.00;-2147483648;1,77472E+12;session_1774715333436
820;ED:EE:48:ED:C5:7C;Vasco de Gam;-102;0.00;-2147483648;1,77472E+12;session_1774715333436
821;64:E7:D8:91:7B:17;;-94;0.00;-2147483648;1,77472E+12;session_1774715333436
822;52:9C:F1:9C:87:C7;;-98;3150169376.71;11;1,77472E+12;session_1774715333436
823;05:F2:4F:96:5E:30;;-42;0.00;-2147483648;1,77472E+12;session_1774715333436
824;BC:7E:8B:A7:51:6F;;-94;0.00;-2147483648;1,77472E+12;session_1774715333436
825;F8:17:2D:59:E5:86;TY;-87;0.00;-2147483648;1,77472E+12;session_1774715333436
826;CB:37:30:33:44:78;Govee_H619C_4478;-98;0.00;-2147483648;1,77472E+12;session_1774715333436
827;4F:60:3D:5E:18:6F;;-91;36267202172.25;8;1,77472E+12;session_1774715333436
828;ED:EE:48:ED:C5:7C;Vasco de Gam;-101;0.00;-2147483648;1,77472E+12;session_1774715333436
829;20:64:DE:ED:F1:A6;Comedor;-89;0.00;-2147483648;1,77472E+12;session_1774715333436
830;62:A0:FA:DE:D2:B0;;-80;173415299.16;12;1,77472E+12;session_1774715333436
831;47:31:70:7A:DE:DC;;-98;1288689.65;24;1,77472E+12;session_1774715333436
832;29:37:CF:43:80:5F;;-96;0.00;-2147483648;1,77472E+12;session_1774715333436
833;FC:F1:36:35:2A:63;;-88;0.00;-2147483648;1,77472E+12;session_1774715333436
834;27:A4:43:1F:1F:02;;-42;0.00;-2147483648;1,77472E+12;session_1774715333436
835;3D:D3:73:17:40:44;;-40;0.00;-2147483648;1,77472E+12;session_1774715333436
836;62:99:38:0B:E5:74;;-95;Infinity;0;1,77472E+12;session_1774715333436
837;0B:2A:F3:B1:33:9F;;-64;0.00;-2147483648;1,77472E+12;session_1774715333436
838;55:80:6E:74:37:27;;-96;1073741824.00;12;1,77472E+12;session_1774715333436
839;7D:12:36:12:00:ED;;-101;Infinity;0;1,77472E+12;session_1774715333436
840;53:0E:DC:F4:D6:AF;;-71;52574000.72;12;1,77472E+12;session_1774715333436
841;5E:17:B7:C1:2F:F0;;-100;0.00;-2147483648;1,77472E+12;session_1774715333436
842;06:65:29:DA:65:E9;Bn4038713;-80;0.00;-2147483648;1,77472E+12;session_1774715333436
843;55:A5:DC:38:A6:8A;Tab S9 de Eduardo;-61;0.00;-2147483648;1,77472E+12;session_1774715333436
844;55:6F:D8:26:D7:C2;;-97;0.00;-2147483648;1,77472E+12;session_1774715333436
845;2D:29:BB:28:0E:80;;-89;0.00;-2147483648;1,77472E+12;session_1774715333436
846;27:FA:B1:F0:39:7E;;-101;0.00;-2147483648;1,77472E+12;session_1774715333436
847;79:CA:6F:84:AD:16;;-101;1784026402.38;12;1,77472E+12;session_1774715333436
848;49:09:58:76:E1:88;;-96;1073741824.00;12;1,77472E+12;session_1774715333436
849;46:52:4C:D3:3A:A5;;-93;781658446.29;12;1,77472E+12;session_1774715333436
850;68:FC:CA:BC:DA:11;[TV] TV Living;-97;0.00;-2147483648;1,77472E+12;session_1774715333436
851;C3:2E:3E:AA:CC:D8;;-93;0.00;-2147483648;1,77472E+12;session_1774715333436
852;D8:CF:70:5B:D9:2F;;-77;0.00;-2147483648;1,77472E+12;session_1774715333436
853;D4:BF:6F:65:0A:B3;;-83;0.00;-2147483648;1,77472E+12;session_1774715333436
854;DB:45:E5:E7:E9:B3;;-73;0.00;-2147483648;1,77472E+12;session_1774715333436
855;D0:03:DF:C5:D8:CD;[TV] Samsung 7 Series (50);-99;0.00;-2147483648;1,77472E+12;session_1774715333436
856;ED:3B:7F:8C:9D:6F;;-98;0.00;-2147483648;1,77472E+12;session_1774715333436
857;7D:C6:CA:B2:6B:69;;-94;869893479.55;12;1,77472E+12;session_1774715333436
858;E8:AA:CB:04:47:55;"43"" The Frame";-94;0.00;-2147483648;1,77472E+12;session_1774715333436
